approach,split,cluster,band,cost_low,cost_high,costs,n_costs,contracts,events,trades_total,contracts_Y,events_Y,trades_Y,contracts_N,events_N,trades_N,training_text_coherence,status,delta_yes_pp,delta_no_pp,wedge_pp,ci_low_pp,ci_high_pp,se_pp,bootstrap_valid,mean_price,price_sd,log_trades,log_units,words,characters,mean_word_length,question_mark,threshold,negation,positive_words,negative_words,political_words,capitalized_tokens,number_tokens,punctuation,lsa_00,lsa_01,lsa_02,lsa_03,lsa_04,lsa_05,lsa_06,lsa_07,lsa_08,lsa_09,lsa_10,lsa_11,lsa_12,lsa_13,lsa_14,lsa_15,lsa_16,lsa_17,lsa_18,lsa_19,lsa_20,lsa_21,lsa_22,lsa_23,lsa_24,lsa_25,lsa_26,lsa_27,lsa_28,lsa_29,lsa_30,lsa_31,cost_mean
text,test,1,0,1,10,,0,0,0,0,0,0,0,0,0,0,0.9350112323386812,insufficient_support,,,,,,,0,,,,,,,,,,,,,,,,,,,,,,,,,,,,,,,,,,,,,,,,,,,,,,,,,
text,test,1,1,11,20,19,1,11,8,42,5,5,32,6,5,10,0.9350112323386812,insufficient_support,,,,,,,0,0.509809873741649,0.10748552700133297,3.2674272041944605,7.077923939568544,13.0,79.27272727272727,4.866317394726486,1.0,0.09090909090909091,0.0,0.0,0.0,0.18181818181818182,5.090909090909091,0.8181818181818182,0.2727272727272727,0.13566795508555943,-0.0204872824092302,0.10482630434532993,0.027778311737184425,0.08626476600151683,-0.06932822247855826,0.2020290442388011,-0.13515850909376767,0.2772920431820279,0.03074002032273614,0.04038333640847514,-0.3378326357899129,0.270174323028368,0.06278349739219127,0.06418054555553653,0.060610161568598525,-0.02001404290851254,0.03204059283528994,-0.06648013165214263,0.03264489828763045,-0.05622287614892731,0.09463149726104393,0.023485491167200338,-0.4106117789855402,0.5390162805807333,0.015591021069380297,-0.10899945174923537,0.04403215696290383,-0.09474958934767151,-0.02574452654560393,-0.18384230706579716,0.03235386584745804,0.19
text,test,1,2,21,30,"21,23,25,29,30",5,31,21,411,18,13,304,16,13,107,0.9350112323386812,insufficient_support,,,,,,,0,0.4570609283767491,0.10208962748034646,2.9773763897600345,6.835055218571188,11.451612903225806,69.80645161290323,4.966038844667876,1.0,0.06451612903225806,0.0,0.0,0.0,0.12903225806451613,4.290322580645161,0.5483870967741935,0.0967741935483871,0.1989276721330012,-0.044407000679613805,0.10689611776347638,0.04121995552932355,0.08824801369490808,-0.07119854420299496,0.2307563192209052,-0.15368034605360684,0.28829547313724524,0.027603925189482518,0.028741722660684393,-0.28076078780096847,0.2211841469829839,0.047559297545273944,0.08562474465488944,0.04161759005167988,-0.013276389946292268,0.02506000859367289,-0.07132600775778418,0.03081725483685373,-0.07078297985455886,0.1133550344212115,0.021969997060497744,-0.3930367208448085,0.4986973698220453,0.02033170077343809,-0.10448511396885297,0.03852900182226429,-0.08462226459412234,-0.022756800968760312,-0.18266101689243527,0.0482737500342903,0.256
text,test,1,3,31,40,"31,32,34,35,36,37,38,40",8,36,28,595,21,17,339,23,19,256,0.9350112323386812,eligible,41.222188340664886,-12.876804653228941,54.09899299389382,-56.10789581434662,84.53848273633804,47.865699472381046,196,0.5028632929865833,0.08248460907599925,2.9031759556409327,6.48663794050616,10.805555555555555,67.58333333333333,5.028525448317115,0.9722222222222222,0.027777777777777776,0.0,0.0,0.0,0.08333333333333333,4.361111111111111,0.75,0.19444444444444445,0.2035061734558301,-0.03442492197195278,0.08403214744002743,0.041762918274382665,0.07605557548385719,-0.06972181541620616,0.22220502986669877,-0.15848066265348792,0.29604311845267994,0.021201320652078148,0.009491716932647396,-0.2671221658023632,0.21209899187836204,0.05345128707394137,0.10203631474365543,0.038372854082363364,-0.009755448499113435,0.029101405547470507,-0.07190246506809088,0.029705130762056595,-0.06862578366711428,0.10690453774710319,0.023822524887319778,-0.3853358461886599,0.49283938200353083,0.023547893456969695,-0.11224011651117172,0.04391254258779745,-0.08099023062082915,-0.01542570694033496,-0.19225458818256322,0.05409496355732513,0.35375
text,test,1,4,41,49,"41,42,43,44,45,46,47,48,49",9,28,25,877,26,23,377,17,16,500,0.9350112323386812,insufficient_support,,,,,,,0,0.4725838491581685,0.07985326398925485,2.989834644869368,6.633967497051294,10.857142857142858,68.10714285714286,4.985417905507191,0.9642857142857143,0.03571428571428571,0.0,0.0,0.0,0.10714285714285714,4.107142857142857,0.8571428571428571,0.25,0.23729530828768067,-0.04829628878805371,0.0930518105952305,0.04542112966573548,0.08036049856799572,-0.08643274934733872,0.23410901140733767,-0.16530363838596723,0.3036983665394296,0.027552666711894488,0.02216244350600168,-0.2511375597527294,0.192746544581643,0.045888361125600706,0.10080727124819353,0.042067001702795946,-0.007533722170742907,0.02673170845968959,-0.07190971840095853,0.0367732575499055,-0.07954544798950422,0.12232716635293585,0.02426031171948734,-0.3665664580462843,0.4842497277411902,0.019206514814602827,-0.10178333684909835,0.0484480966179111,-0.07998361986895818,-0.018131833948852254,-0.17634007192705523,0.056227260907916174,0.45
text,test,2,0,1,10,,0,0,0,0,0,0,0,0,0,0,0.79623306310398,insufficient_support,,,,,,,0,,,,,,,,,,,,,,,,,,,,,,,,,,,,,,,,,,,,,,,,,,,,,,,,,
text,test,2,1,11,20,,0,0,0,0,0,0,0,0,0,0,0.79623306310398,insufficient_support,,,,,,,0,,,,,,,,,,,,,,,,,,,,,,,,,,,,,,,,,,,,,,,,,,,,,,,,,
text,test,2,2,21,30,,0,0,0,0,0,0,0,0,0,0,0.79623306310398,insufficient_support,,,,,,,0,,,,,,,,,,,,,,,,,,,,,,,,,,,,,,,,,,,,,,,,,,,,,,,,,
text,test,2,3,31,40,,0,0,0,0,0,0,0,0,0,0,0.79623306310398,insufficient_support,,,,,,,0,,,,,,,,,,,,,,,,,,,,,,,,,,,,,,,,,,,,,,,,,,,,,,,,,
text,test,2,4,41,49,,0,0,0,0,0,0,0,0,0,0,0.79623306310398,insufficient_support,,,,,,,0,,,,,,,,,,,,,,,,,,,,,,,,,,,,,,,,,,,,,,,,,,,,,,,,,
text,test,3,0,1,10,9,1,10,9,25,5,5,18,5,4,7,0.8928599572846903,insufficient_support,,,,,,,0,0.49330588215432103,0.1417777906170132,2.715087968809547,6.693593968526382,5.6,35.7,3.685454545454546,1.0,0.1,0.0,0.0,0.0,0.0,1.9,1.9,0.9,0.3544983838728535,0.5844624785989606,-0.20900833158845783,0.28642337883877544,0.07227588199990223,-0.010019990657470723,-0.01288396968514629,0.005211503182125345,-0.06467054094692963,0.04266116295800906,0.1186031552751243,-0.051912627859355284,-0.016342266739395494,-0.029700820278003366,-0.08006344842192437,0.11957054416879176,0.026076055120039927,0.003469330201313086,-0.09213311663518683,0.07025529195557083,-0.020021758054866553,0.09815002231539773,0.03159323221929433,0.22807661110986074,0.15407652568074978,-0.08528540779753276,0.05648603189685242,-0.023423766675921685,0.20350001859590963,0.06172852176915613,-0.12645257101498059,-0.06127138272235767,0.09
text,test,3,1,11,20,11,1,10,10,28,5,5,17,5,5,11,0.8928599572846903,insufficient_support,,,,,,,0,0.4795621064402186,0.13125192310489223,3.260243772232099,7.275911454373369,6.2,38.9,3.770909090909091,1.0,0.2,0.0,0.0,0.0,0.0,1.8,1.8,0.8,0.3908639125843135,0.59736435558215,-0.2498581589926523,0.3689617745019719,0.12149545484322569,0.007727777231850569,-0.019757301304682305,-0.026527304722981083,-0.02058750154863973,0.018281765621961134,0.052789697200524996,-0.03877106467912984,0.0028121683324115205,-0.012176189627441993,-0.023176299737912198,0.054273180887466674,0.009831941738208807,0.01595511259448885,-0.06103455181266506,0.05088955456962052,-0.013345920619281249,0.059929219721113335,0.007645436377462828,0.07344012037196018,0.07845858760129792,-0.08326421415657595,0.07906840416146804,-0.008557769482417595,0.1640766907321824,0.02152582534642213,-0.10499052030145675,-0.07245516790663518,0.11
text,test,3,2,21,30,"24,26,28,30",4,30,26,155,18,17,121,16,14,34,0.8928599572846903,insufficient_support,,,,,,,0,0.4635027661376314,0.14199230852438358,2.690947197680612,6.612200352224411,5.2,33.666666666666664,3.628484848484847,1.0,0.03333333333333333,0.0,0.0,0.0,0.0,1.9666666666666666,1.9666666666666666,0.9666666666666667,0.3704387802042052,0.6114558247898081,-0.21668408669791664,0.29699753059416406,0.08778817296244266,0.0031178934212914293,-0.03187748008553542,-0.007131457331399058,-0.04360871735031532,0.034291313335936505,0.07365384087042064,-0.026648233090698983,-0.009461446530147575,-0.020833328840589072,-0.05088643973473931,0.07253135343208948,0.02732307869715995,0.011250562491366644,-0.08032165435499815,0.054833226000470026,-0.003083431098969115,0.07842838109542277,0.0199043186049147,0.18229542590206788,0.08949413152676938,-0.09236042321929513,0.08206263707626252,-0.03486913646295251,0.21399179715380928,0.04893664027969506,-0.1310730762826562,-0.10040153817017518,0.27
text,test,3,3,31,40,"33,34,35,36,38,39",6,34,30,208,22,22,155,20,18,53,0.8928599572846903,eligible,-17.85894660894661,6.562049062049061,-24.420995670995673,-51.31834437474927,32.737103174603185,22.03692912449278,195,0.4787986523315785,0.1290267778940153,2.569102606978877,6.506884677840654,5.117647058823529,33.470588235294116,3.6859180035650625,1.0,0.029411764705882353,0.0,0.0,0.0,0.0,1.911764705882353,1.9705882352941178,0.9411764705882353,0.3787530105104192,0.6069711958646271,-0.21783268812853557,0.30171043688905996,0.09128057197202044,-0.0004649749997704096,-0.031440114248338674,-0.0057377698116220024,-0.0375665969426673,0.0335578150796171,0.06385561585347498,-0.023031746700735833,-0.007363266522485407,-0.01469758686629378,-0.043611469137573244,0.06723243817815147,0.03069608758936412,0.010509330849624812,-0.07832824981471516,0.053096580674746034,-0.0073778879012812645,0.07472100391028587,0.016441642901406983,0.17233087987256418,0.07988808480859845,-0.09314935939616154,0.08115914611286096,-0.0196209783755191,0.19867255795533467,0.04563251793847946,-0.1270063237553176,-0.08637377051004763,0.35833333333333334
text,test,3,4,41,49,42,1,10,10,18,5,5,10,5,5,8,0.8928599572846903,insufficient_support,,,,,,,0,0.48516515838298957,0.15934653509333024,3.0353145924381164,7.189810378314837,5.6,35.9,3.685454545454546,1.0,0.1,0.0,0.0,0.0,0.0,1.9,1.9,0.9,0.35574087077832806,0.5789095379195643,-0.2046330380692818,0.2833465769348317,0.073608316421302,-0.005758543757071503,-0.008253445951202129,0.008776041621758084,-0.07678035364085281,0.04857458617137338,0.12431408684267953,-0.04927270011527124,-0.013164603296015895,-0.04019336852005752,-0.09012501975686242,0.13063779914954898,0.03497962625051888,-0.0005781062770436024,-0.10344532276387608,0.06539727946696286,-0.012829537601969055,0.11346889720624029,0.028470487435241786,0.2565148485957054,0.16578911472595567,-0.0803248061158511,0.07133761681930424,-0.04730273338764551,0.21186794549145324,0.06694388705962948,-0.1461295979679579,-0.09200407180441418,0.42
text,test,4,0,1,10,,0,0,0,0,0,0,0,0,0,0,0.4837705182776832,insufficient_coherence,,,,,,,0,,,,,,,,,,,,,,,,,,,,,,,,,,,,,,,,,,,,,,,,,,,,,,,,,
text,test,4,1,11,20,,0,0,0,0,0,0,0,0,0,0,0.4837705182776832,insufficient_coherence,,,,,,,0,,,,,,,,,,,,,,,,,,,,,,,,,,,,,,,,,,,,,,,,,,,,,,,,,
text,test,4,2,21,30,"25,29,30",3,24,21,98,14,14,58,11,10,40,0.4837705182776832,insufficient_coherence,,,,,,,0,0.4735569867623712,0.06755544461091784,2.9072667696256325,6.893308948884058,6.5,43.416666666666664,5.6805991462241465,0.9166666666666666,0.0,0.0,0.041666666666666664,0.0,0.0,3.5416666666666665,0.5,0.25,0.14854594779774408,0.026170513521177007,-0.0006958827458683131,0.07365939154160255,0.039760083734082664,-0.0028299425581476043,0.05303061026318242,-0.044584452421137157,0.0734689007393531,-0.0041671272629713145,-0.017506065325910796,-0.016860403604998162,0.045501909916031084,0.014242455928051496,0.021967805125251875,0.018947287943251415,-0.0010639280949856268,0.017898399378903116,0.04818145519865378,-0.00938161223296615,-0.1304324041418603,0.10730152815676669,0.10489864976075824,0.04903753391271937,0.0046053647413655694,0.1190444873494771,0.49646976265211423,0.3417610717503418,-0.2120573272450141,-0.13651757394981215,-0.076330331485169,0.03282279728046602,0.28
text,test,4,3,31,40,"31,35,40",3,23,20,93,14,14,45,11,10,48,0.4837705182776832,insufficient_coherence,,,,,,,0,0.45094187235989713,0.07809128013148289,3.2318206231971116,7.242440772643625,6.869565217391305,43.56521739130435,5.300211744776962,1.0,0.0,0.0,0.043478260869565216,0.0,0.0,3.260869565217391,0.5217391304347826,0.30434782608695654,0.17863062597114182,0.022221051699182266,-0.006875912949250369,0.057766696053846524,0.04655418783956628,-0.006167445444564592,0.06821486215050561,-0.05344329625750595,0.09047903460611892,-0.0030838958135220003,0.0022605796208171433,-0.04308783730900921,0.07594917472579894,0.007206355795333566,0.026589383596934243,0.05090109631180816,-0.0075981290569797355,-0.007126027990494342,0.032997944500653055,-0.0027325539309853444,-0.10347237305927197,0.10541021381195294,0.07504500585488823,0.09381515692090071,-0.0013075881323830229,0.11644798305701728,0.47271543096643925,0.3450079265393921,-0.20830142171285182,-0.1281765787015443,-0.048412081779058834,0.04869670905216273,0.35333333333333333
text,test,4,4,41,49,"41,42,43,45",4,18,16,110,12,11,58,11,10,52,0.4837705182776832,insufficient_coherence,,,,,,,0,0.48752328565465064,0.0859661566126804,3.34958491464315,7.280450859153877,6.5,41.111111111111114,5.256289081289081,1.0,0.0,0.0,0.0,0.0,0.0,3.111111111111111,0.5555555555555556,0.2777777777777778,0.18844550275622185,0.0219500225402343,-0.01228882375286241,0.06675461457515265,0.05078332137907114,-0.0023996518170741796,0.057915704248738785,-0.05241322420948294,0.08762052586207164,-0.016962215707069694,-0.022483384871677125,-0.020898016485172498,0.07569670386258114,0.004582372320459878,0.03794881851198881,0.03229477278540739,-0.008699379970242315,0.0002270665612504133,0.03683068135035095,-0.008710562189232737,-0.11066554372072558,0.10726389177201551,0.07630219315807925,0.06376073401925868,0.0008440639047670449,0.1257499650542874,0.48642340181406724,0.3626925497754503,-0.2281991022560521,-0.1363576131422322,-0.035412241271299646,0.05510572545811709,0.4275
text,test,7,0,1,10,,0,0,0,0,0,0,0,0,0,0,0.8770387591594155,insufficient_support,,,,,,,0,,,,,,,,,,,,,,,,,,,,,,,,,,,,,,,,,,,,,,,,,,,,,,,,,
text,test,7,1,11,20,,0,0,0,0,0,0,0,0,0,0,0.8770387591594155,insufficient_support,,,,,,,0,,,,,,,,,,,,,,,,,,,,,,,,,,,,,,,,,,,,,,,,,,,,,,,,,
text,test,7,2,21,30,,0,0,0,0,0,0,0,0,0,0,0.8770387591594155,insufficient_support,,,,,,,0,,,,,,,,,,,,,,,,,,,,,,,,,,,,,,,,,,,,,,,,,,,,,,,,,
text,test,7,3,31,40,,0,0,0,0,0,0,0,0,0,0,0.8770387591594155,insufficient_support,,,,,,,0,,,,,,,,,,,,,,,,,,,,,,,,,,,,,,,,,,,,,,,,,,,,,,,,,
text,test,7,4,41,49,,0,0,0,0,0,0,0,0,0,0,0.8770387591594155,insufficient_support,,,,,,,0,,,,,,,,,,,,,,,,,,,,,,,,,,,,,,,,,,,,,,,,,,,,,,,,,
text,test,8,0,1,10,,0,0,0,0,0,0,0,0,0,0,0.9866871020360224,insufficient_support,,,,,,,0,,,,,,,,,,,,,,,,,,,,,,,,,,,,,,,,,,,,,,,,,,,,,,,,,
text,test,8,1,11,20,,0,0,0,0,0,0,0,0,0,0,0.9866871020360224,insufficient_support,,,,,,,0,,,,,,,,,,,,,,,,,,,,,,,,,,,,,,,,,,,,,,,,,,,,,,,,,
text,test,8,2,21,30,,0,0,0,0,0,0,0,0,0,0,0.9866871020360224,insufficient_support,,,,,,,0,,,,,,,,,,,,,,,,,,,,,,,,,,,,,,,,,,,,,,,,,,,,,,,,,
text,test,8,3,31,40,,0,0,0,0,0,0,0,0,0,0,0.9866871020360224,insufficient_support,,,,,,,0,,,,,,,,,,,,,,,,,,,,,,,,,,,,,,,,,,,,,,,,,,,,,,,,,
text,test,8,4,41,49,"42,44,45,46,47,48,49",7,38,33,797,33,32,530,23,19,267,0.9866871020360224,eligible,14.575012254514489,-31.70145382567743,46.276466080191916,5.2975723998501705,71.24881558096779,17.90797320872494,193,0.48543342878566914,0.05248921731539304,2.9229375134005497,7.447688223739557,7.684210526315789,47.5,5.034012113617376,0.8947368421052632,0.0,0.0,0.0,0.0,0.0,5.684210526315789,0.0,1.0526315789473684,0.018654241794584317,0.018270863109204855,0.6550862331096087,0.47392864271484325,-0.28583281337485356,0.09422805443108774,-0.1677492438530815,0.0020024089058693407,0.036909100165291336,0.0015538735489708316,0.06594413045275989,-0.052306378999090956,0.05010487008513315,0.0223789924310962,-0.3117012715915188,-0.26633673145866427,0.05646841837702837,-0.004518163695889523,-0.0367373806497335,0.024233661720071277,-0.1024064666961732,0.14227892782508667,-0.021534167224287453,-0.00013544328697255386,-0.07131937961431604,0.024270858694741715,-0.018279455262554076,-0.015018201033476859,-0.018188538449492874,0.0011774893282829261,-0.03729337997054033,0.01816217253383263,0.4585714285714285
text,test,9,0,1,10,,0,0,0,0,0,0,0,0,0,0,0.7231879231439071,insufficient_support,,,,,,,0,,,,,,,,,,,,,,,,,,,,,,,,,,,,,,,,,,,,,,,,,,,,,,,,,
text,test,9,1,11,20,"15,18,20",3,19,18,67,10,9,29,9,9,38,0.7231879231439071,insufficient_support,,,,,,,0,0.4817839295320744,0.07457927017422561,2.9289049990275386,6.985273779694228,8.894736842105264,61.0,4.724111707006445,1.0,0.7894736842105263,0.0,0.21052631578947367,0.0,0.0,2.263157894736842,2.210526315789474,0.5789473684210527,0.2691910123631891,0.0663927619955,0.007199894671935689,0.23206804478791562,0.023749513613570274,-0.07717545804323957,0.335259657131328,-0.047182550732097546,-0.030322159307143593,0.01628645939782204,-0.18808435799993362,0.07237048651011996,0.049105949797614935,0.013687235773417803,0.17735184706277274,0.2324312264546276,0.03389596535868257,-0.027529001865011126,0.026428241302467525,0.039966498726218734,-0.30111944383840117,0.41479066619465094,-0.09685448514429837,-0.015160888656272476,-0.1136685972224411,0.0364186338006123,-0.06237485016832569,-0.037617033572933466,-0.030823599976229504,0.019253940342606007,-0.014595049128728605,-0.009346594682369706,0.17666666666666667
text,test,9,2,21,30,"21,22,23,24,25,26,27,29,30",9,38,37,329,22,22,234,17,16,95,0.7231879231439071,insufficient_support,,,,,,,0,0.45989764378790493,0.06511643154839684,3.010430625302638,6.951422835562846,9.263157894736842,57.76315789473684,4.3693472791921435,1.0,0.631578947368421,0.0,0.18421052631578946,0.0,0.0,2.5789473684210527,1.6842105263157894,0.42105263157894735,0.2645037840768327,0.05467823908885513,0.027121673792027633,0.23810193851217124,0.02995914332087172,-0.10573826632284272,0.37453954504668274,-0.04177364776138663,-0.015239144145543644,0.01083344455854065,-0.1756756191312813,0.05178591641447023,0.05182386506407527,0.021451132074580288,0.1453617617026446,0.16798405889771653,0.02409547790752233,-0.03053644915466885,0.015519058118836158,0.03147302237481836,-0.2529144862448972,0.34999228252125913,-0.06792541896231494,-0.022231092017918504,-0.09677505236144994,0.021835318418199367,-0.030079323609422552,-0.03240522291367814,-0.01628291439456421,0.015039909931069254,0.015909104951176204,-0.005330377847661533,0.25222222222222224
text,test,9,3,31,40,"31,32,33,34,37,38,39,40",8,23,23,295,15,15,213,10,10,82,0.7231879231439071,insufficient_support,,,,,,,0,0.4754406622040073,0.07680563641698647,3.4202768180394623,7.3157980021543,8.956521739130435,54.69565217391305,4.290114240689689,1.0,0.6086956521739131,0.0,0.17391304347826086,0.0,0.0,2.347826086956522,1.6521739130434783,0.4782608695652174,0.25242545746361733,0.07353515556004493,0.02615348088133439,0.24012621917184407,0.029352744382526857,-0.11435639240892062,0.3643204495257723,-0.03922700647221866,-0.014819274768890328,0.00505139415649106,-0.19120024183444673,0.061727799075474175,0.053514926868352866,0.03030393173542233,0.16973568588588625,0.17191004709661203,0.021776307422130388,-0.04451471592314125,0.029761528942327146,0.018438616599074344,-0.2526799118160951,0.3597279107808576,-0.08975694087608711,-0.022525990560159134,-0.10470296046792052,0.00981544600827541,-0.03137867111691389,-0.05526737017379084,-0.02483193439512784,0.03040859744094379,0.007450000918582618,-0.010503595746991974,0.355
text,test,9,4,41,49,"41,42,43,44,45,46,47,48,49",9,26,26,304,18,18,193,17,17,111,0.7231879231439071,insufficient_support,,,,,,,0,0.48031053119048034,0.06451519464721157,3.070268840004293,6.877217558363356,10.038461538461538,64.1923076923077,4.326922015892604,1.0,0.6923076923076923,0.0,0.23076923076923078,0.0,0.0,2.1538461538461537,2.230769230769231,0.6538461538461539,0.3020554815672145,0.09291378421178603,-0.0018654965467231504,0.25288342604400793,0.020653202663411616,-0.11662547908746851,0.36185737558527803,-0.021605223617665557,-0.03437397698935049,0.008515031815057651,-0.14781765324021384,0.033568713591390825,0.03742078701838678,0.00496914025776147,0.17656002435150217,0.22986229673819458,0.0075419414266410705,-0.037887715825437644,0.013804715772365604,0.03962913628480365,-0.27660117597415057,0.4082699522681178,-0.08806072052121414,-0.009894431893472158,-0.08505680133905226,0.0030251399199176148,-0.034418870806638975,-0.08055084724345003,-0.03925053121378229,-0.0009176617647391561,-0.020394087246181396,0.010913697570665043,0.45
text,test,10,0,1,10,,0,0,0,0,0,0,0,0,0,0,0.8245711496061386,insufficient_support,,,,,,,0,,,,,,,,,,,,,,,,,,,,,,,,,,,,,,,,,,,,,,,,,,,,,,,,,
text,test,10,1,11,20,,0,0,0,0,0,0,0,0,0,0,0.8245711496061386,insufficient_support,,,,,,,0,,,,,,,,,,,,,,,,,,,,,,,,,,,,,,,,,,,,,,,,,,,,,,,,,
text,test,10,2,21,30,,0,0,0,0,0,0,0,0,0,0,0.8245711496061386,insufficient_support,,,,,,,0,,,,,,,,,,,,,,,,,,,,,,,,,,,,,,,,,,,,,,,,,,,,,,,,,
text,test,10,3,31,40,"32,33,34,36,37,39",6,24,21,203,17,16,144,10,10,59,0.8245711496061386,insufficient_support,,,,,,,0,0.4339258421849124,0.079448992107383,3.5183449575884205,7.158494301283004,10.291666666666666,63.166666666666664,4.057519910644911,1.0,0.4583333333333333,0.0,0.041666666666666664,0.0,0.041666666666666664,3.2083333333333335,2.25,0.5833333333333334,0.3744501300859042,0.0921546006870621,0.1639062064321488,0.12171567538876454,0.15046065169267778,-0.09334743108400785,0.1962729577177753,-0.15656480457046093,0.1959720195864999,0.013290042584347914,0.013382317612384731,-0.10594514770775713,0.0457735509831241,-0.011236784316036497,0.12439157008637573,0.11687477915285675,-0.015354302888978884,0.015404564792824432,-0.08542891206249385,0.11808518400084167,-0.10108521599872493,0.21158429733830977,0.010459696206093166,-0.21810859512968003,0.19666993698953808,-0.07339513268241611,0.07538807359161985,-0.05203714742500779,0.026073121266506644,-0.12157420812237789,0.2876044294837099,-0.008870893758553515,0.3516666666666666
text,test,10,4,41,49,"41,44,45,46,48,49",6,17,17,275,11,11,150,12,12,125,0.8245711496061386,insufficient_support,,,,,,,0,0.4499486271701008,0.07357219519359452,3.3298519191193057,6.748807592511293,10.411764705882353,64.6470588235294,4.09577677224736,1.0,0.4117647058823529,0.0,0.058823529411764705,0.0,0.0,3.6470588235294117,2.411764705882353,0.7058823529411765,0.3889416265849488,0.12337627484744441,0.1518833090377431,0.1488996718253215,0.1907334696664179,-0.08714342653484905,0.1974780595199133,-0.14490855570058833,0.19141357598116054,0.019367225893266254,0.005108006092133661,-0.10867471038715613,0.037548860236220595,-0.0030053801680309123,0.12739265346093753,0.0951182358248436,0.011774134138954992,0.027158606198666342,-0.09504470840570481,0.10940396987771316,-0.11469288473338081,0.21233135708990322,0.0051234598495076885,-0.20835299016446737,0.20153673342024897,-0.08663710614338357,0.08803303703884795,-0.05513551954238517,0.046628064006995804,-0.11127218868234065,0.2448454260495206,-0.014695363539985582,0.455
text,test,11,0,1,10,,0,0,0,0,0,0,0,0,0,0,0.9699606966714576,insufficient_support,,,,,,,0,,,,,,,,,,,,,,,,,,,,,,,,,,,,,,,,,,,,,,,,,,,,,,,,,
text,test,11,1,11,20,,0,0,0,0,0,0,0,0,0,0,0.9699606966714576,insufficient_support,,,,,,,0,,,,,,,,,,,,,,,,,,,,,,,,,,,,,,,,,,,,,,,,,,,,,,,,,
text,test,11,2,21,30,,0,0,0,0,0,0,0,0,0,0,0.9699606966714576,insufficient_support,,,,,,,0,,,,,,,,,,,,,,,,,,,,,,,,,,,,,,,,,,,,,,,,,,,,,,,,,
text,test,11,3,31,40,,0,0,0,0,0,0,0,0,0,0,0.9699606966714576,insufficient_support,,,,,,,0,,,,,,,,,,,,,,,,,,,,,,,,,,,,,,,,,,,,,,,,,,,,,,,,,
text,test,11,4,41,49,,0,0,0,0,0,0,0,0,0,0,0.9699606966714576,insufficient_support,,,,,,,0,,,,,,,,,,,,,,,,,,,,,,,,,,,,,,,,,,,,,,,,,,,,,,,,,
text,test,12,0,1,10,"1,2,3,4,5,6,7,8,9,10",10,228,160,1371,118,95,558,123,99,813,0.9621008279151232,eligible,-0.09043482949669057,7.77886608397243,-7.869300913469121,-18.8493983053278,2.266887775459936,6.126740121777207,200,0.5087011097836789,0.11629554913847699,2.9978149274888026,7.7663735437817705,6.0,41.67982456140351,3.833333333333334,1.0,0.0,0.0,0.0,0.0,0.0,2.0,3.0,1.0,0.1743587135008371,0.36492485426551424,0.43630109418433183,0.07840309496341392,0.7475780146834954,0.028711080325016923,-0.005382385315196628,0.06721000911988212,-0.1288980258900261,-0.0030378762863016943,0.024989681389821248,0.05784899444249421,-0.06847983920048771,-0.036368624257717336,0.03024304729295931,0.08582894352825501,-0.003563096661684835,-0.005108349600929881,-0.020712330713087902,0.016213634604327166,0.024622047655203556,-0.0045852092592552,0.00014392505189713236,0.06641954819841017,0.02732201305637433,-0.013176345796687255,0.0025037204097895214,0.00015341143888440638,-0.0017327143556124499,0.010204390536123726,-0.03696708045613144,0.035087965687417746,0.055
text,test,12,1,11,20,"11,12,13,14,15,16,17,18,19,20",10,299,208,2194,170,136,1095,157,128,1099,0.9621008279151232,eligible,-6.887209102955519,1.0142826289021116,-7.9014917318576305,-20.551907837608983,3.4232106193122496,6.364989709085372,200,0.49945423698135394,0.12060374532584449,2.997921736459632,7.754905391731625,5.996655518394649,41.65551839464883,3.8365663322185055,1.0,0.0,0.0,0.0,0.0,0.0,2.0033444816053514,2.9933110367892977,0.9966555183946488,0.17509011965128715,0.3636983919006925,0.43607247810130356,0.08183528272059189,0.7523228634207841,0.0292839246880029,-0.007633810794424851,0.06384252129943288,-0.12353187105244866,-0.005050320482056747,0.016247428981517823,0.06096741478672005,-0.06666120129799774,-0.033903375471927295,0.036471025639469155,0.07762943496046192,-0.004368658669085024,-0.0034525386221845376,-0.017591079661942437,0.013560185960500385,0.0262903709814736,-0.008968542122388236,-0.001652258133362844,0.05185574141159306,0.015625663593319204,-0.01400167412368987,0.006345861162616979,-0.0012062919968441267,-0.0010745675990008721,0.006426083716241482,-0.03838183868117781,0.028458426151248845,0.155
text,test,12,2,21,30,"21,22,23,24,25,26,27,28,29,30",10,282,197,2469,176,135,1074,173,138,1395,0.9621008279151232,eligible,-7.203802340713196,1.2090897967594372,-8.412892137472634,-26.2283883058821,8.120398572075487,9.929606657759084,200,0.5012347241137659,0.12848108045069265,3.0612402474567264,7.741449107566586,5.99645390070922,41.60992907801418,3.837352245862884,1.0,0.0,0.0,0.0,0.0,0.0,2.0,2.982269503546099,0.9929078014184397,0.17531780427419494,0.36289580450164216,0.4365242447813677,0.08278699850341424,0.7526257236490351,0.029272649780324317,-0.00749872346908395,0.062464246758016734,-0.120850832717318,-0.0057991425527434215,0.013385072371594272,0.06089389192399555,-0.06619412917552214,-0.032840561414117765,0.03805657222753514,0.07481581825219227,-0.004630983352319033,-0.003093476564865166,-0.01674752272872284,0.012186387624488764,0.025937228923480864,-0.009856016098697082,-0.0019141863909607198,0.04660341324700566,0.012021760991848861,-0.013383087341842886,0.007020808370135782,-0.0017223972157589065,0.0001497717842608265,0.005737970585896419,-0.039009401124428696,0.026294852463189803,0.255
text,test,12,3,31,40,"31,32,33,34,35,36,37,38,39,40",10,250,184,2626,175,139,1227,167,133,1399,0.9621008279151232,eligible,-1.6614906226427677,1.3599554061078978,-3.0214460287506655,-34.22775720225338,25.769600093868473,14.740543790480086,200,0.5075623075662766,0.13636007970300737,3.142694778945603,7.753394993098029,5.996,41.596,3.8378666666666668,1.0,0.0,0.0,0.0,0.0,0.0,2.0,2.98,0.992,0.17558756590020766,0.3630884213550244,0.436071458656671,0.0841860862870239,0.7535324424240669,0.029346878079907192,-0.008005175528411665,0.06143280286360373,-0.11936053642182425,-0.006770289762586243,0.011201165650094899,0.06170868974723948,-0.06584653791783701,-0.032104634383369995,0.039654050674461296,0.07264070378087313,-0.004968617124746721,-0.0024019656020067845,-0.014864785596313105,0.011112929297543145,0.025262069929552454,-0.011127681230266811,-0.0016432739181395685,0.042715071276513535,0.009031812240302663,-0.013072143275800129,0.007218769607754637,-0.001846816698680705,0.0002513606241719789,0.004598243088802145,-0.03868952260957259,0.024860165112161766,0.355
text,test,12,4,41,49,"41,42,43,44,45,46,47,48,49",9,216,161,2612,182,142,1280,162,127,1332,0.9621008279151232,eligible,0.11140118811522758,-0.0403687291046611,0.15176991721988867,-32.406002442538146,31.28453145615017,17.52114743873939,200,0.4950847940258206,0.14728328617327685,3.1954362552214772,7.754261532993565,6.0,41.69444444444444,3.8333333333333344,1.0,0.0,0.0,0.0,0.0,0.0,2.0,3.0,1.0,0.1743819532494182,0.36335070919411827,0.4355773180977046,0.08479158249414737,0.7574249997496615,0.029962018311040936,-0.009793272356131864,0.06112475398547415,-0.11881203046182007,-0.007913911907102807,0.008238046294524183,0.06321918118718271,-0.06709472594880032,-0.03132686574124137,0.04236565278025975,0.07003157453313312,-0.005894993794368331,-0.0015220857481917155,-0.014243732395720342,0.01004551710727896,0.026218234082695233,-0.01487899786674582,-0.0022361760906898912,0.037345931321833996,0.0034122353093947034,-0.014383183483522074,0.009341445651698588,-0.0008882861809299875,0.0028573717091541855,0.004092497041908853,-0.04063191350224666,0.023589020420839487,0.45
text,test,13,0,1,10,"7,8,9,10",4,32,28,386,14,14,270,18,18,116,0.8473379933330532,insufficient_support,,,,,,,0,0.527983324628648,0.05364305525216156,3.3856778459936825,7.59027639907333,8.25,45.46875,4.725666781135532,1.0,0.0,0.0,0.03125,0.0,0.0,3.625,0.3125,0.0,0.07707870413446347,-0.027265971753710767,0.1025877215282929,0.0691499788460795,0.02055761946136509,-0.06314618610733821,0.2713625151106246,-0.1857738897652243,0.35342769854483075,0.07352833621069353,0.19335391211095593,0.14888247540731014,-0.14738735595388777,-0.0459002398679468,-0.05193922976297485,-0.007261996970533702,-0.019105407547221558,-3.6853600085389685e-05,-0.009686903754802826,0.02140653618030608,-0.024546345647720617,0.07568173378163848,0.033260649063894095,-0.04281063726676678,0.15676153954701788,0.0721879868235798,0.020582421411594984,0.02370324089033906,0.02601635928721939,0.07798196579192611,0.5430784886120916,-0.30733842237614883,0.085
text,test,13,1,11,20,"11,12,13,14,15,16,17,18,19,20",10,66,61,1598,32,30,946,35,35,652,0.8473379933330532,eligible,-7.190434761371119,-2.284037597234472,-4.906397164136647,-25.103184072825933,11.238891594813868,9.395210635845707,200,0.4987224243878854,0.041791584983865135,3.593506166153395,7.909073968151633,6.9393939393939394,39.27272727272727,4.871506271506273,1.0,0.0,0.015151515151515152,0.015151515151515152,0.0,0.0,3.393939393939394,0.22727272727272727,0.09090909090909091,0.04727570004652711,-0.012904845273974142,0.1378758291180835,0.09467343687401186,0.020679805323276002,-0.06632483649702535,0.3100856013535455,-0.18480052167454322,0.3682940491058517,0.08376374508925381,0.2207492480016984,0.1970915816324653,-0.16669824339711647,-0.04659627532539442,-0.11056380422741337,-0.05286409706255042,-0.022432455992211758,-0.007167176986126254,5.072922095580015e-05,-0.010063049656335817,0.007169010424753249,0.030946522611129342,0.019586637767869928,-0.006628538617066354,0.08953815022926462,0.06877066775848799,0.01339522819190619,0.020571661530126295,0.03155916877958894,0.09835811296978818,0.47604704803364545,-0.29424350065758204,0.155
text,test,13,2,21,30,"21,22,23,24,25,26,27,28,29,30",10,107,98,2920,52,51,2086,59,58,834,0.8473379933330532,eligible,10.804159497434068,11.969263702066941,-1.1651042046328746,-21.383518265353608,20.871788057408715,10.360108026993197,199,0.502090729054568,0.041887818374835614,3.4383561953932924,7.547058983886006,6.242990654205608,35.94392523364486,4.8695828055641135,1.0,0.0,0.009345794392523364,0.009345794392523364,0.0,0.0,3.102803738317757,0.205607476635514,0.07476635514018691,0.05931648825560954,-0.007841977356386502,0.160348021482768,0.10403074661432998,0.034556234726478174,-0.051996105388156036,0.2951725211940924,-0.19667182410321707,0.39101344639306995,0.08388850675056483,0.22258122213612996,0.19231289756750475,-0.15773591194010003,-0.04096394965725464,-0.11611048603516037,-0.051074565926534525,-0.021951675600139046,-0.004830059842291505,-0.00021409708537934314,-0.008409621176390087,-0.004291266822165565,0.04233568674344077,0.0158418730628794,-0.01705831383850334,0.09234788632444253,0.06364637493262608,0.00495795266453752,0.019169663282608877,0.029808377521039816,0.09700407309404042,0.46153237797292546,-0.2871690240398937,0.255
text,test,13,3,31,40,"31,32,33,34,35,36,37,38,39,40",10,139,128,2311,67,67,887,83,83,1424,0.8473379933330532,eligible,-5.438695521660145,-2.188334418972487,-3.2503611026876578,-20.19521209721495,15.376156028485285,9.350416979983715,200,0.5099694667950134,0.03688119195798439,3.308360487090487,7.218308655363648,5.633093525179856,33.36690647482014,5.060522790558761,1.0,0.0,0.007194244604316547,0.007194244604316547,0.0,0.0,2.920863309352518,0.15827338129496402,0.10071942446043165,0.04244011096185842,-0.007877013949733202,0.1444398869176105,0.10342432555520001,0.020181095825415468,-0.05852574540459346,0.3285949163047238,-0.20190700834078865,0.410049406057384,0.09084402343707804,0.23430904474038522,0.23403728904451807,-0.18391227470175725,-0.04426039450295856,-0.13303673582396855,-0.035582095496093986,-0.0245195383261686,-0.010631721134325848,0.015026401906828316,-0.026517592605783426,0.020516621033212928,0.008007965894347168,0.011166454366982291,-0.0013154732191709088,0.05763803706152214,0.056825857724398514,0.004625486961378781,0.02207763105010381,0.039167886446340595,0.10456798356689363,0.4366828115128658,-0.2804808166790577,0.355
text,test,13,4,41,49,"41,42,43,44,45,46,47,48,49",9,146,138,3645,91,89,1972,96,93,1673,0.8473379933330532,eligible,10.835580055207274,-0.41595850594457595,11.25153856115185,-16.683715508665426,36.20418883248902,13.33705720473668,200,0.5056311163892955,0.03536918304706338,3.1693234533090875,6.853253842426279,5.397260273972603,32.67123287671233,5.217663747971967,1.0,0.0,0.0,0.0,0.0,0.0,2.7945205479452055,0.11643835616438356,0.0684931506849315,0.037040839564852185,-0.00533338114972744,0.1481338634800362,0.09942427271189967,0.030023540506809644,-0.049917459309868954,0.3271781136883328,-0.20391153549318186,0.41970200555962534,0.09458081635785653,0.2410986908183712,0.24576921676024532,-0.1903877297837992,-0.043814967374214295,-0.1422365878225943,-0.023839868311166745,-0.024418900526207026,-0.011053037911614496,0.022745399956375003,-0.030261999638407113,0.024890995227409476,-0.0001866673085927436,0.0073798114917434975,0.005083917632736656,0.04685005413530313,0.05132582657581525,0.0024133726351414832,0.02559993589721545,0.04463992942345629,0.1098505658962039,0.4375471644898238,-0.2805880828357312,0.45
text,test,15,0,1,10,"1,8",2,24,20,61,16,14,48,8,6,13,0.975711524914068,insufficient_support,,,,,,,0,0.39005968996945467,0.12182152037362533,3.2551919099274844,7.670755457494754,5.666666666666667,37.666666666666664,4.782473544973545,1.0,0.9166666666666666,0.0,0.9166666666666666,0.0,0.041666666666666664,1.625,1.0833333333333333,0.08333333333333333,0.042667858815848995,-0.0018123186713079901,0.4212999387539537,0.38477798473039143,-0.3777132105996761,0.04855157230292018,-0.10130253758626095,-0.015351665689811464,-0.013183235453598794,-0.015767060808692057,-0.07799175133976806,0.06058877239337975,-0.10174664731503218,-0.010145523415512897,0.4093417382989241,0.4372475945764081,-0.05495832936180269,0.031250288345964286,0.027183651067015813,-0.007375016768306157,0.138515389986311,-0.1906056590992462,0.03019589774095849,0.025764219861975194,0.09494997929751225,-0.04504148252303353,0.024226313092638188,0.03685889766922238,0.013361499638831958,-0.008327919784141852,0.02637634299043498,-0.007511966265952868,0.045
text,test,15,1,11,20,"11,16,17,18,19,20",6,82,59,324,58,48,238,28,19,86,0.975711524914068,eligible,2.172956094107532,3.830246913580246,-1.6572908194727138,-21.92627039938453,16.724906725575227,10.268809008849788,200,0.38619505735088855,0.09971481142710616,3.140607263046226,7.706536889902371,5.548780487804878,35.390243902439025,4.552439024390244,1.0,0.9634146341463414,0.0,0.9634146341463414,0.0,0.024390243902439025,1.5121951219512195,1.0365853658536586,0.036585365853658534,0.032110753782324426,0.0008225456120222939,0.43458012626063436,0.3991646515881491,-0.3871650485699093,0.053641305636222034,-0.09767225772315796,-0.009782559094426607,-0.017778447618981254,-0.01888898480937599,-0.08812013573213827,0.06636148421411729,-0.09850864178281779,-0.008086438348532895,0.40644656824901043,0.4227771073935462,-0.05566210857695121,0.02868731516926186,0.03050681654647393,-0.013570822149006376,0.1516069143627826,-0.20816926085627485,0.03367791614455409,0.017269007762157753,0.0921826263179665,-0.040285829030656736,0.023201506591605144,0.042891354036293176,0.004952518708811946,-0.008719727813622994,0.027749874196471663,-0.003920624640432828,0.16833333333333333
text,test,15,2,21,30,"21,22,23,24,25,26,27,28,29,30",10,104,69,511,68,47,279,49,39,232,0.975711524914068,eligible,3.466265280058382,-4.8459339078534125,8.312199187911794,-13.073428914302399,30.13171561600258,11.39075879785093,197,0.43288577190151484,0.09552244305413365,3.240297853788401,7.757754700020101,5.528846153846154,35.26923076923077,4.571840659340659,1.0,0.9519230769230769,0.0,0.9615384615384616,0.0,0.019230769230769232,1.5096153846153846,1.0288461538461537,0.038461538461538464,0.03113510523032895,0.0021597989384797766,0.430626685919517,0.39491625008247944,-0.3831235491192761,0.05471420554488331,-0.1038375330259136,-0.01162571215878201,-0.01259688271458191,-0.019621395621132333,-0.0888059456268337,0.06607611816323296,-0.0998437139624482,-0.006637191500893194,0.41008744164222305,0.42308221244032546,-0.05546770048354727,0.02936477260060568,0.030078320034212156,-0.013879648420344191,0.15067926595609052,-0.20787148189770738,0.034701852762042025,0.014595839544943588,0.09240435883864105,-0.039107419854262845,0.023145104837327582,0.04472620950141035,0.005484356797703677,-0.00799407072168479,0.03176123811306771,-0.006548076638918997,0.255
text,test,15,3,31,40,"31,32,33,34,35,36,37,38,39,40",10,113,81,869,86,65,564,50,40,305,0.975711524914068,eligible,3.1134211830995797,-0.9482076686591633,4.061628851758743,-18.75978757856939,26.838208438513,12.588109405183452,200,0.4473353511050982,0.08189464435381921,3.2904313986849125,7.73100259497638,5.495575221238938,34.84070796460177,4.549697991290912,1.0,0.9557522123893806,0.0,0.9646017699115044,0.0,0.008849557522123894,1.4690265486725664,1.0265486725663717,0.035398230088495575,0.028384671459756143,0.0034281179003720183,0.42899091652421967,0.39401608206874184,-0.38249642217328844,0.054579930129437036,-0.10861923372166458,-0.011674560824296234,-0.012824873073651887,-0.019500882422250194,-0.08924402324695278,0.06643027875920522,-0.09966709350731173,-0.006123177183060577,0.41111293700095586,0.42170728910721655,-0.05547635750571078,0.02924779575066607,0.030146408228592016,-0.01490438244447252,0.15267262638880946,-0.209968467575184,0.035030227764003566,0.012997217776351905,0.0897829181802649,-0.03973419665356489,0.02549018573612899,0.044422912784877144,0.0077778017210569554,-0.007613919035117738,0.028914527160679368,-0.008910996678040758,0.355
text,test,15,4,41,49,"41,42,43,44,45,46,47,48,49",9,120,87,4842,98,75,2416,83,63,2426,0.975711524914068,eligible,2.4840414452062682,-6.627109911426212,9.11115135663248,-19.742646255214492,34.03534157646743,13.53413163148033,200,0.45923534836536545,0.0780561561133539,3.5131897790845086,7.947549601162451,5.458333333333333,34.583333333333336,4.5533465608465615,1.0,0.9666666666666667,0.0,0.975,0.0,0.008333333333333333,1.4333333333333333,1.0166666666666666,0.025,0.02461008623073874,0.0021516584661074862,0.43111407571976856,0.3957960784457277,-0.3854887987817956,0.05458715576541257,-0.11069862948769418,-0.009722907577250176,-0.015726109663233786,-0.019903168134613396,-0.08777966816512764,0.06617112617483206,-0.10092320239019309,-0.006806842131123123,0.40985567555167646,0.42412363888012933,-0.05587006005430477,0.028997830720842832,0.03146657780423396,-0.015584980850441488,0.1541095682373417,-0.2118185470309663,0.03580831815726414,0.015535336250017507,0.09121979987177463,-0.04050939719833952,0.025537855701289268,0.04580746302884832,0.007817416569982338,-0.007072944673478628,0.02990671350703082,-0.007036907618945378,0.45
text,train,0,0,1,10,5,1,73,72,352,67,66,319,6,6,33,0.7855610936552355,insufficient_support,,,,,,,0,0.13727027919728393,0.060271693025833725,3.812840401554638,7.367801211389211,9.0,56.794520547945204,3.2922374429223744,1.0,0.3972602739726027,0.0,0.0,0.0,0.0,2.0,3.5205479452054793,0.958904109589041,0.5152572937511475,-0.12152425705435987,-0.016189034935637194,-0.008464870868067404,0.00924747850500864,0.13139306747664184,-0.036368978888730114,0.3001133281619709,0.1893276412990234,0.2677735414494322,-0.18060325890452592,-0.0009558510288999213,-0.016829599507781484,-0.09313842113058955,-0.01609257990331987,-0.024470196438311522,-0.2116053820579908,-0.03178447459217009,-0.05801769009855565,-0.1162134236964609,-0.03470517034605236,-0.016330085332587813,-0.10450144416952924,0.015402310063826329,0.047179475622610725,0.057375788614768136,0.02044188473046052,0.0016750180860212822,0.10295518876573707,-0.0120185169330129,-0.0020363218500371,0.021236431862208496,0.05
text,train,0,1,11,20,"16,20",2,131,130,872,125,124,849,8,8,23,0.7855610936552355,insufficient_support,,,,,,,0,0.2140434718581912,0.06820121578417712,3.989289563569907,7.495705331373124,9.0,56.23664122137404,3.250212044105174,1.0,0.3053435114503817,0.0,0.0,0.0,0.0,2.0,3.5419847328244276,0.9236641221374046,0.4996642161330009,-0.12360482972177002,-0.008948776233424693,-0.020704685351738354,0.0009556841051120364,0.09841293789182572,-0.03461475082380737,0.3195685183886053,0.18136708957790215,0.24702922658809376,-0.16565642821173981,-0.012493470177328382,-0.02677024240992134,-0.10431531356635185,-0.0370671392928857,0.005628049263540801,-0.2023813779039789,-0.020792855364524684,-0.08975219388570813,-0.12881552738995103,-0.0154964688078921,0.0007881351909672978,-0.11249455061268518,0.026628515412408817,0.04939175338054227,0.07583787660265384,0.017160901907635792,-0.001113036215280609,0.06796118329051658,-0.03243993423843112,-0.011946360331444982,-0.012571883713986544,0.18
text,train,0,2,21,30,"21,22,25,26,27,28,29,30",8,177,172,2904,161,157,2627,22,22,277,0.7855610936552355,eligible,4.2559478179448,-12.924736848517338,17.180684666462138,-5.549603403577045,31.71446876600472,9.21535254654462,199,0.29485796589422214,0.06905739018411039,4.057443970416222,7.48615475395975,9.0,56.05084745762712,3.249215317011927,1.0,0.23163841807909605,0.0,0.0,0.0,0.0,2.0,3.5875706214689265,0.9096045197740112,0.48633953339989733,-0.12640426844009794,-0.003901577883042477,-0.02642577553479066,-0.001978553976778241,0.08776678521360282,-0.03395595932129152,0.3282630395676875,0.17820074291574475,0.25851735161110767,-0.157471609502024,-0.01412125599138431,-0.029442496473298465,-0.10296659882658722,-0.029715136542408666,-0.0018193901033874626,-0.22427008858494188,-0.010268462737275963,-0.09295341045141789,-0.13091573579348278,-0.01881385740997185,-0.0031164828218718764,-0.13350778050441162,0.025391883699598997,0.04736448501478183,0.0853470709280742,0.01983170880292325,-0.005503093883881762,0.06406097931835773,-0.04292379657359051,-0.01530397590094187,-0.024083014244337345,0.26
text,train,0,3,31,40,"31,32,33,34,35,36,37,38,39,40",10,159,157,5469,149,147,4107,48,47,1362,0.7855610936552355,eligible,6.0664690160966375,-6.459662828677012,12.52613184477365,-19.23351266768199,37.35864270186592,14.99074772661136,200,0.3629798842036717,0.07658666518963435,4.078943090771455,7.462802063688186,9.0,55.911949685534594,3.227113906359189,1.0,0.18867924528301888,0.0,0.0,0.0,0.0,2.0,3.59748427672956,0.8930817610062893,0.4777843964014695,-0.12756492782835288,-0.0006910198050214956,-0.03248998356551444,-0.003403582836758543,0.08881093958472519,-0.03344520117668241,0.3353338970495403,0.18380550497535836,0.24616049685019303,-0.16048143382736904,-0.00884000981001999,-0.024210199169641584,-0.10389024395826905,-0.03646428371597097,0.004772908265989304,-0.22035003471476342,0.000677043738626991,-0.09353122804716073,-0.13909207497047496,-0.015767197822604165,0.0014659419161744249,-0.14614888381177193,0.030543594288066384,0.05030334276361302,0.0814673336784648,0.019084629828842428,-0.001497189898273213,0.06466900602542548,-0.0548700062335307,-0.02201909464876495,-0.03817529485760228,0.355
text,train,0,4,41,49,"41,42,43,44,45,46,47,48,49",9,109,109,5218,103,103,3034,75,75,2184,0.7855610936552355,eligible,17.262063439822217,-10.854882953683578,28.116946393505792,-6.624401270740865,54.71708226276716,15.95106275908468,200,0.420563022259227,0.08162224485052195,4.212690593523832,7.616837778241594,9.0,56.027522935779814,3.2262996941896027,1.0,0.1926605504587156,0.0,0.0,0.0,0.0,2.0,3.6422018348623855,0.9174311926605505,0.4806279306287793,-0.12478602840410444,-0.0023128819973755772,-0.030360177474260338,-0.0021070583619359753,0.0950805025454457,-0.032859145732200924,0.33661949335348884,0.18591550510350208,0.24525627287759338,-0.15793686084003392,-0.0048270653430658025,-0.020284728151252616,-0.10296832858015087,-0.031174102564755172,-0.0014633240985215618,-0.22329995927996923,0.006241741613642172,-0.08713840745982998,-0.13841774301829826,-0.020169258260025687,0.0009518285861963354,-0.15166525876168,0.03266457990122405,0.05107233126074507,0.07266668399656447,0.017982891293530055,0.004590980151309157,0.06801811200614555,-0.0569527359770516,-0.023229851814067275,-0.0341324037741554,0.45
text,train,1,0,1,10,"1,2,3,4,5,6,7,8,9,10",10,235,135,4552,114,80,2596,145,94,1956,0.9350112323386812,eligible,-4.042249252359956,3.209410151647839,-7.251659404007796,-13.4558475474941,-2.5708332352890184,2.753012105113619,200,0.5297598807426671,0.10758427276614832,3.6195124152761617,7.584214294373557,13.38723404255319,82.61276595744681,4.826139518932518,1.0,0.01276595744680851,0.00425531914893617,0.00425531914893617,0.0,0.06808510638297872,5.859574468085106,0.8851063829787233,0.34893617021276596,0.12920166196779995,0.004400269053804617,0.09773008064704194,0.05778653852805922,0.08398049971112585,-0.05864448690793923,0.19927414885788008,-0.13739249490833014,0.26181847326927987,0.02556995551925627,0.023718627666269927,-0.29497773111946,0.2406779348664685,0.04991488966596827,0.08718323534760014,0.030452856917297447,-0.020755636722617297,0.01733658097795818,-0.05586098810214406,0.014238378241176318,-0.060506334152252136,0.09043061666823621,0.027974131664654164,-0.4167834698844806,0.5311809233380711,0.027469899211133558,-0.12409120879854584,0.055031716780720726,-0.08235582912510817,-0.004958495125020758,-0.21167788671439366,0.04182860121045952,0.055
text,train,1,1,11,20,"11,12,13,14,15,16,17,18,19,20",10,307,166,4696,173,115,1894,163,107,2802,0.9350112323386812,eligible,-0.793557673910709,10.181397285370727,-10.974954959281437,-22.537580908633206,1.1397690404560004,6.105017517248406,200,0.49064099185674803,0.09530722556790774,3.5182257917390585,7.30046202951751,13.296416938110749,83.1172638436482,4.8808137392953075,0.996742671009772,0.009771986970684038,0.003257328990228013,0.0,0.0,0.05211726384364821,5.960912052117264,0.9153094462540716,0.38436482084690554,0.12364070976074519,0.008060390912692015,0.10366343783824448,0.05797042716085886,0.09398768147245648,-0.05250309916051069,0.18985222325685203,-0.1376041873723224,0.2637459069757371,0.023516734235265374,0.019918451973607202,-0.2968369027038825,0.2451939538360759,0.052873921991340035,0.08353073670937886,0.02318041012675517,-0.02055810689171461,0.01790614427320443,-0.05207614597653635,0.011692867243883997,-0.06061275687734529,0.08655533594818184,0.02851097989578212,-0.424137363934703,0.5301688681323145,0.027436660301401027,-0.12390014201867239,0.05616599935810469,-0.07936123692064154,-0.00507523709763019,-0.2154487676976758,0.040826375158160746,0.155
text,train,1,2,21,30,"21,22,23,24,25,26,27,28,29,30",10,352,178,4968,214,131,2337,188,125,2631,0.9350112323386812,eligible,-8.66364510759327,10.24928102910421,-18.91292613669748,-35.556104308645644,-6.050858276292228,7.488541982378923,200,0.49923192416888384,0.09385412249421364,3.4917527020021235,7.170323076403765,13.366477272727273,83.95454545454545,4.880551799921997,0.9971590909090909,0.011363636363636364,0.002840909090909091,0.0,0.0,0.056818181818181816,6.0625,0.9943181818181818,0.40625,0.129170673919097,0.010334902311233192,0.10047334182175875,0.05797460268432781,0.09186804257817545,-0.05549755805247632,0.18999181116621225,-0.1365357869531845,0.2620850268261401,0.023130490062282617,0.018563849681167994,-0.28884604361005,0.23878672746491214,0.05267673438732718,0.0823264516442782,0.018171115920164214,-0.01899469577675211,0.018571220176002524,-0.052910385835999336,0.012778975402651703,-0.062257471414967985,0.08637865036333588,0.02923646126063828,-0.42609919167353494,0.5364574556080878,0.026782189746352044,-0.1256826226971064,0.056070850039369916,-0.0809342087060533,-0.004987802681601861,-0.2203651475464185,0.04394164440833228,0.255
text,train,1,3,31,40,"31,32,33,34,35,36,37,38,39,40",10,361,184,5395,232,139,2593,214,128,2802,0.9350112323386812,eligible,-7.36057746856201,11.671712822800599,-19.032290291362607,-33.220975706469034,-2.8244298985946736,7.636338033874784,200,0.5003096256172952,0.09322717724856723,3.460146782716542,7.084262832475939,13.631578947368421,85.3157894736842,4.902624227377981,1.0,0.008310249307479225,0.00554016620498615,0.002770083102493075,0.0,0.07756232686980609,6.268698060941828,0.9445983379501385,0.37119113573407203,0.1204629867986402,0.00908631209995828,0.096374001063497,0.056978443139381586,0.08952215475587194,-0.05627309825152625,0.19112555086604066,-0.13388143058991323,0.25789872735151265,0.02502332627068285,0.024937770349097926,-0.2969135539813618,0.24413240992836446,0.05147277477842938,0.07757061990346112,0.020892320771797764,-0.020314486917635717,0.017806556454604362,-0.05385341862917056,0.012574004799962726,-0.06029666420852225,0.0870637327258839,0.029543950785801017,-0.4278007907878714,0.5429440748867338,0.028027872860809273,-0.12657365666222936,0.05651503013929648,-0.08431785645297321,-0.004008221350169964,-0.22269662985526414,0.04224833090293058,0.355
text,train,1,4,41,49,"41,42,43,44,45,46,47,48,49",9,286,173,6451,217,141,2793,212,135,3658,0.9350112323386812,eligible,-14.528020560165068,11.335820653447966,-25.863841213613032,-45.99914215488425,-1.3839230838010317,11.480722896293473,200,0.4940700208031213,0.10584501426388641,3.530216770691398,7.2015229608595135,13.353146853146853,83.7972027972028,4.871880741366798,1.0,0.013986013986013986,0.0034965034965034965,0.0034965034965034965,0.0,0.0944055944055944,6.115384615384615,1.027972027972028,0.3951048951048951,0.1317344215975283,0.0091872324689675,0.09522626986905626,0.052510433604357046,0.08815633218950933,-0.05710274920431374,0.19031695286506556,-0.13796994105852123,0.2647276799090012,0.024096071328984833,0.020215183152282233,-0.2981388359220678,0.2456018249793754,0.05363027745444644,0.0868483455749788,0.023879624468603016,-0.01902888900776958,0.019440746824290242,-0.05559403631729725,0.014338053857326215,-0.06087141043320418,0.08636510347533227,0.028368858245873544,-0.412813782037511,0.5303877629608799,0.027930535370236594,-0.12662518736725506,0.055083242988680316,-0.08660278471313843,-0.0040988735523916206,-0.21894831747219876,0.04428312372996296,0.45
text,train,2,0,1,10,"1,2,3,4,5,6,7,8,9,10",10,725,606,20937,699,589,20259,45,45,678,0.79623306310398,eligible,-0.5152591663658884,2.2893807955761147,-2.8046399619420037,-13.414138914790318,3.234496967749213,4.121243197207507,200,0.13620094975213354,0.05837957232491943,3.6943659714546597,7.413577719538155,9.027586206896551,56.45103448275862,3.219902169216144,1.0,0.4510344827586207,0.0,0.0,0.0,0.0,2.0220689655172412,3.4551724137931035,0.96,0.6759727251533166,-0.12692434908919784,-0.018668664922045972,0.03029318696927374,0.017309200108604518,-0.19589602043187687,-0.0733001187932227,0.037667368360724894,0.04816520838237155,-0.044605134626227144,-0.05256272443775129,-0.05370553633707659,-0.08082290558771797,0.1146727133379377,-0.11333027477724672,0.08997778608826408,0.08538105522730385,0.1264435354230141,-0.050106152902551084,0.09072862615110389,-0.018868314485257928,-0.04256050286947086,-0.012020410528771657,-0.04188622547486624,-0.06066403392502563,-0.05688577997445866,-0.04496588009500807,0.09191958471676258,0.022514468714577664,0.015275358185034043,0.0023712538097791077,0.04022373869014243,0.055
text,train,2,1,11,20,"11,12,13,14,15,16,17,18,19,20",10,684,567,15906,648,541,14741,70,70,1165,0.79623306310398,eligible,-0.755581916531416,5.575908485307046,-6.331490401838462,-22.667697401177602,4.394439951212557,6.8890285623914265,200,0.21717049074794084,0.07646798942345234,4.005839077828747,7.689344515517525,9.064327485380117,56.79385964912281,3.2287029986360545,0.9985380116959064,0.34649122807017546,0.0,0.0,0.0,0.0,2.0409356725146197,3.5453216374269005,0.9532163742690059,0.668854825348207,-0.13655602565075517,-0.006942623418665594,0.012867523323158358,0.010689066042511396,-0.2067446167322202,-0.07110045516901363,0.0428306415113276,0.04706997400348909,-0.040747335988447486,-0.047623272222968874,-0.05662269786655087,-0.08434520925564513,0.11929328514902261,-0.11629673430338155,0.09676803502375778,0.08944053294178216,0.13422815594611048,-0.05760649715606135,0.09932130697354719,-0.022356500067970724,-0.041368274061524844,-0.012662560899517375,-0.041767793429758296,-0.0684287663777867,-0.06038037424161612,-0.04730942178120865,0.10129350495235523,0.017058306156802126,0.01819719324546683,0.0015280237657140548,0.03390879493888753,0.155
text,train,2,2,21,30,"21,22,23,24,25,26,27,28,29,30",10,604,505,14989,577,485,13367,89,83,1622,0.79623306310398,eligible,-0.13880949769955936,9.754224597271314,-9.893034094970874,-25.528571331287104,7.06955050839803,8.718689177799572,200,0.28473131680291397,0.08597131915290596,4.196670804311523,7.8247771327375615,9.024834437086092,56.80794701986755,3.228660361897117,0.9983443708609272,0.2433774834437086,0.0,0.0,0.0,0.0,2.013245033112583,3.629139072847682,0.9552980132450332,0.6652073416402999,-0.1398989821970164,0.0027567588289897065,-0.003427355703084789,0.0049639459160229615,-0.21247720782047716,-0.07204465345710358,0.03837355284731035,0.04853678925718742,-0.04254238969696555,-0.047473033341225615,-0.06475478902868094,-0.09371165095013749,0.11615385991060882,-0.1154137513768665,0.09558191525885963,0.09128752230589884,0.13329790150391782,-0.05808349359807757,0.10079324312873797,-0.03390415517836149,-0.04135243218469106,-0.009228669732641064,-0.03474957140022992,-0.07009135988979837,-0.06803958881143442,-0.05257669295271519,0.12310914294004609,0.033088874649406894,0.03162665972079889,-0.0012371344940830863,0.04065096807392249,0.255
text,train,2,3,31,40,"31,32,33,34,35,36,37,38,39,40",10,512,440,15721,485,419,12697,151,143,3024,0.79623306310398,eligible,-1.4854710374371565,1.0954376571439965,-2.580908694581153,-21.62883586970669,14.345037647470187,9.420814401039852,200,0.3417699044652319,0.09224582772866775,4.291298403296667,7.862534339355945,9.009765625,56.921875,3.235928199404762,0.998046875,0.220703125,0.0,0.0,0.0,0.0,2.001953125,3.671875,0.9609375,0.6634663115880033,-0.1420861387818687,0.005018807984476532,-0.007355782755739164,0.002980391845361685,-0.21591327038067154,-0.07312479159799071,0.04094236390216055,0.04655421565666374,-0.04049220374129483,-0.04755149576912686,-0.06463170281859441,-0.0935575194867132,0.11555130415919429,-0.12029688108229616,0.0994541572398168,0.0914034915332429,0.13758787337706632,-0.062415816906964926,0.1054918604671081,-0.029134382727029482,-0.041368073994392976,-0.009587015695808146,-0.034812287955287305,-0.0719834375706622,-0.06384869744298607,-0.05907490279747502,0.12985102574626306,0.028329720267564702,0.035648840452676196,-1.6646233258566477e-05,0.037343521148000026,0.355
text,train,2,4,41,49,"41,42,43,44,45,46,47,48,49",9,382,338,15209,370,329,8983,221,208,6226,0.79623306310398,eligible,-6.359306863066294,-4.056483357038818,-2.302823506027476,-25.576065119193213,16.914673889026382,11.233694039046123,200,0.37848418904830294,0.1026681024893945,4.409834920361314,7.967969462536536,8.986910994764397,57.06544502617801,3.2460026593534446,0.9973821989528796,0.19895287958115182,0.0,0.0,0.0,0.0,1.9973821989528795,3.730366492146597,0.9685863874345549,0.6645123260675048,-0.14335743997178593,0.007183050660669142,-0.011769780013177477,0.0017363528333535837,-0.2153715379878719,-0.07402761436544879,0.042318802208362885,0.04727873926175122,-0.04186762961538058,-0.048566153867173834,-0.06579464189078392,-0.09746552532181547,0.11650947599904489,-0.12316101651323016,0.10142787102961086,0.09279936109126265,0.13884772627531186,-0.06108501280807025,0.10484071132819629,-0.02967654424795015,-0.04241738767220387,-0.011271241817170341,-0.03079651262914966,-0.07112486524561251,-0.060701103453662156,-0.06381283736629131,0.1335023743026895,0.025202127433904473,0.03933444686508036,-0.0019008915751788811,0.039186807814155025,0.45
text,train,3,0,1,10,"1,2,3,4,5,6,7,8,9,10",10,663,378,5883,347,253,2863,371,244,3020,0.8928599572846903,eligible,-0.6148455576247128,4.287409880775499,-4.9022554384002115,-12.231019029195775,3.0284959415549224,3.7903461038318125,200,0.5078924472103031,0.12627562419123306,3.282610754002916,8.02474872700099,4.386123680241328,33.16138763197587,4.223784548784549,1.0,0.07993966817496229,0.0,0.0,0.0,0.0,1.1040723981900453,2.2081447963800906,1.048265460030166,0.3573526107838675,0.7211959668037696,-0.22438434408137597,0.29742477133017425,0.0833300203228853,0.04286867118221036,-0.04661636232009912,0.004155685824573039,0.0031808867321146865,0.009716341783318877,0.03841729347120523,-0.0015881117781513213,0.0011029243325871147,-0.004494815703630114,-0.02338410854309565,0.0166241442905273,-0.009278767051245472,-0.003021958160200444,0.002591518210317384,-0.010409635052831377,0.019171349099335645,-0.012291359121282888,0.008482752643843109,0.0017815389694036728,0.011120603977177897,0.008466136178956456,-0.0242463427189906,-0.023397722523489192,-0.008217820226356295,0.00017021485619257882,0.014678747713893778,-0.01185031676575779,0.055
text,train,3,1,11,20,"11,12,13,14,15,16,17,18,19,20",10,722,410,6984,409,296,3269,422,287,3715,0.8928599572846903,eligible,-6.1030072529997055,-0.12580802526478058,-5.977199227734925,-13.900388186631316,1.8815986126890039,4.185411247999434,200,0.5064869848551978,0.130290678624745,3.3506469040836606,8.116932723832154,4.415512465373961,33.34903047091413,4.221728663764676,1.0,0.08310249307479224,0.0,0.0,0.0,0.0,1.126038781163435,2.2257617728531858,1.059556786703601,0.35929572941615345,0.7209341173430042,-0.22742479452381936,0.3050876307672856,0.09004352571217102,0.044985210621229746,-0.04935971655484624,0.0030981260332143203,0.008013746973390072,0.008072201207553479,0.032157278139212236,0.002272806945358328,0.003978648062227312,-0.001760778131385846,-0.01844436670708853,0.009962776858864028,-0.009944943937720946,-0.0024158907841498605,0.006230856676681862,-0.012632354417899254,0.01934329665656211,-0.017543581150366343,0.006486053727001025,-0.00580933157033936,0.004858296132050942,0.010064805691909725,-0.02290456838100899,-0.02485994880551123,-0.008258592187172611,-0.0016489653963374345,0.011139977033122795,-0.019529767570466167,0.155
text,train,3,2,21,30,"21,22,23,24,25,26,27,28,29,30",10,700,423,8505,426,302,4011,449,318,4494,0.8928599572846903,eligible,-7.486221518271859,3.4379778195824837,-10.924199337854343,-21.797927751539017,3.48885747427747,6.720032543318727,200,0.5110123786839524,0.13711348603395737,3.399634928393766,8.081584271577192,4.414285714285715,33.4,4.23149247577819,0.9985714285714286,0.08285714285714285,0.0,0.0,0.0,0.0,1.1285714285714286,2.2257142857142855,1.0614285714285714,0.35826052845842216,0.7167200863304578,-0.22832390602404545,0.3086593183346546,0.09382078019422538,0.04454572457876395,-0.05131168448130842,0.004199767939713546,0.00991532630557804,0.0073529046736177375,0.029507046475197345,0.002327657781378588,0.0032554087579391715,-0.0008179922970689502,-0.01690392745051884,0.008023380494509685,-0.010400880923342211,-0.00019100535027733186,0.005515686262767008,-0.012153099122805223,0.016546850040889453,-0.018322665474616393,0.00770583320598428,-0.0029664489072042345,0.0038810996878016063,0.00637829794798939,-0.018382330685135718,-0.02362831966280378,0.003471143259795004,-0.0011301539291777088,0.006810851401861215,-0.02591836330138346,0.255
text,train,3,3,31,40,"31,32,33,34,35,36,37,38,39,40",10,646,413,10658,452,320,4858,469,331,5800,0.8928599572846903,eligible,-5.984596808556605,9.413065739805676,-15.397662548362282,-31.217252808285064,2.912540430768617,8.772414559318618,200,0.503646767758396,0.1449577538516286,3.4510851311141884,8.133503155320168,4.348297213622291,33.040247678018574,4.246178838361502,1.0,0.07430340557275542,0.0,0.0015479876160990713,0.0,0.0,1.085139318885449,2.196594427244582,1.0557275541795665,0.35813481832804,0.7167688288276982,-0.23271069975002465,0.31141994595752037,0.09204700443252888,0.04696132430089715,-0.05283191579688889,0.003713992051476894,0.010356317839424508,0.0066184633471101295,0.027026679979914234,0.003170744325298338,0.003998228202671479,-0.001141895469363812,-0.01474819720297117,0.006119696849466908,-0.010257298242014323,2.2196395936828343e-05,0.003714798704999529,-0.011953421136610859,0.01699858198283068,-0.01890314068661204,0.006728439424977711,-0.0009126898374921935,0.00251630677572369,0.00325431934175374,-0.016563788979508436,-0.024890311861789215,0.0075839166054368174,-0.001799832475246301,0.003940252082855526,-0.02951630629786003,0.355
text,train,3,4,41,49,"41,42,43,44,45,46,47,48,49",9,561,381,12863,476,338,6321,475,330,6542,0.8928599572846903,eligible,-4.395334525492685,8.655706139298903,-13.051040664791588,-31.563470039194154,5.757406359671849,10.058334409029245,200,0.5054489633901761,0.1552855954573444,3.568683288659831,8.242646337897721,4.303030303030303,32.75935828877005,4.25279436843608,1.0,0.0677361853832442,0.0,0.0017825311942959,0.0,0.0,1.0730837789661318,2.17825311942959,1.0481283422459893,0.3584638473481171,0.7173725908591825,-0.23450147949979214,0.31094472773759363,0.09016577753267148,0.04678646488657825,-0.05411564926269055,0.003969373366226986,0.01175159545066622,0.005941140181212076,0.02615204252256373,0.0041234674702272005,0.004758380053516634,-0.0009014558858041143,-0.01463321169924489,0.0046523002647929764,-0.009997834277755148,0.0004381309512993009,0.001962954692311906,-0.012890869235346245,0.018583365381805144,-0.01786217006087203,0.007327601248660801,-0.0004298616563057794,0.0017496160955070479,0.001191551555702713,-0.013810041501415639,-0.024096323811518803,0.012921186874602789,-0.000568134657535096,0.001055046625902497,-0.03468344163499051,0.45
text,train,4,0,1,10,"1,2,3,4,5,6,7,8,9,10",10,953,817,24671,882,779,23324,83,69,1347,0.4837705182776832,insufficient_coherence,,,,,,,0,0.17435139044480386,0.056975419268391635,3.6348296491301118,7.2269246602766914,9.027282266526758,56.99580272822665,3.4850906371414356,0.9968520461699895,0.24449108079748164,0.0,0.0,0.0,0.0031479538300104933,2.2077649527806926,3.308499475341028,0.8898216159496327,0.4608597233127408,-0.0937731879792991,-0.005038732436601059,-0.002255471001219513,0.0163014054751061,0.07615084780136389,-0.007876708078242322,-0.050354919142687284,0.010426124688027604,-0.019579581540043325,0.003651883531307889,0.037854631651261114,0.08552342903846843,0.05212629481707437,0.012617192641007205,-0.0020784018561378955,-0.00013018993190472714,-0.010910364153905361,0.09108420466482875,-0.011477722611086432,-0.01677220684006671,0.004223729735814809,0.014656906419573595,0.028165604232710133,0.013757669789956739,-0.01402829925548361,0.04443829606958944,-0.0037955069466289893,-0.0018140512381329217,-0.00748293615172103,0.003703542207962288,0.008784896506293402,0.055
text,train,4,1,11,20,"11,12,13,14,15,16,17,18,19,20",10,1088,938,23983,989,883,22435,110,90,1548,0.4837705182776832,insufficient_coherence,,,,,,,0,0.24657922060237802,0.0658981637365867,3.842410892036228,7.390801974326608,9.039522058823529,57.02389705882353,3.480596172928298,0.9990808823529411,0.15625,0.0,0.0,0.0,0.0009191176470588235,2.2362132352941178,3.3786764705882355,0.8851102941176471,0.44343899640229945,-0.10136589697192014,0.0041957278815741685,-0.01615300749732367,0.010908943543403623,0.07621240945903385,-0.001708596069375926,-0.054979755048718895,0.0009626371899684183,-0.018176383709449923,0.01127332426381796,0.02647287176250497,0.08080738760765113,0.05539727029217709,0.013678977366290855,-0.000225477250430273,-0.00907613096299709,-0.010980632320172842,0.08338220926785758,-0.010780209085480516,-0.0033521159425013666,0.009490866820603391,0.012678420688407785,0.025920887753518394,0.006290227615385174,-0.007437565046413462,0.043359836676822354,-0.0035519106444741027,-0.012374714589033118,-0.009062826193544782,0.0035189742505440168,0.0021988190334361613,0.155
text,train,4,2,21,30,"21,22,23,24,25,26,27,28,29,30",10,1178,1010,24679,1063,939,22546,164,139,2133,0.4837705182776832,insufficient_coherence,,,,,,,0,0.31108761733555995,0.06970698962825228,3.8925310359504115,7.425475840992932,9.053480475382003,57.115449915110354,3.5197779012501127,0.9957555178268251,0.0967741935483871,0.0,0.0,0.0,0.0008488964346349745,2.2512733446519526,3.3522920203735143,0.8582342954159593,0.4282705414214054,-0.10620366083462815,0.0115486047676964,-0.02555990700427494,0.007594499804431031,0.07230886672398495,0.001328924151670525,-0.05384607345193007,0.0024333617409751946,-0.015664243413222333,0.014094679105437682,0.021499451351372913,0.08699685936443242,0.050353955390324855,0.014913145522172098,0.002070546886796245,-0.012563790957624688,-0.009472661352033682,0.08295768641180179,-0.001096440129776568,-0.002605984736004246,0.006690860518650084,0.016901096485357505,0.02376080854137333,0.0007517841512376044,-0.0003307269553658413,0.04731620957927828,-0.004998064130539914,-0.015891402628944316,-0.0076600504818683975,0.003994430676609946,-0.002568369182857072,0.255
text,train,4,3,31,40,"31,32,33,34,35,36,37,38,39,40",10,1090,951,28792,978,876,24842,289,264,3950,0.4837705182776832,insufficient_coherence,,,,,,,0,0.369351994625463,0.0722028168954148,3.9735128739255794,7.433714513422243,9.062385321100917,57.24495412844037,3.5289321147112562,0.9972477064220183,0.06330275229357799,0.0,0.0,0.0,0.001834862385321101,2.253211009174312,3.36697247706422,0.8577981651376146,0.41972935025608754,-0.10820973978909203,0.015112220771762486,-0.032343838785654166,0.004572137880461593,0.07159820692195244,0.0013599373578838771,-0.05170509804387154,0.003431067326948726,-0.013468009504046703,0.010862073880230359,0.02091246739717169,0.09022825415281287,0.03377015473902495,0.013159445243017978,0.0025102619595399472,-0.004848512600200181,-0.0010231877833678305,0.08991982075581159,0.007700179370667203,-0.010513968706755243,-0.000680195638052763,0.008842967409639834,0.026346556172031237,0.0021077377839068133,-0.005391857195182521,0.05170861929853222,-0.0073485890976963284,-0.02257922338819589,-0.004560486069651825,0.0034240535889868036,-0.00564522432014887,0.355
text,train,4,4,41,49,"41,42,43,44,45,46,47,48,49",9,778,698,26539,720,654,16564,474,437,9975,0.4837705182776832,insufficient_coherence,,,,,,,0,0.4063008706801562,0.07787994988467051,4.068293127042432,7.520132062538353,9.03598971722365,57.13239074550128,3.504780842697635,0.9948586118251928,0.060411311053984576,0.0,0.0,0.0,0.0,2.2506426735218508,3.404884318766067,0.8637532133676092,0.41944193193995444,-0.10677677845220879,0.014558559192416136,-0.03423847242577039,0.0037743595522348244,0.08677841247454107,0.0048210998354722215,-0.050488164104676846,0.003541380680961191,-0.009353508853937386,0.008531894389963619,0.026491168630708356,0.09245465116703787,0.03358756255840289,0.01236740424793674,0.0010575742801657484,0.0018385572357827837,0.0024537761605737383,0.09441834824585842,0.01719312298022192,-0.012717399352103639,-0.00328888487256661,-0.0007298820918086228,0.02839382279969001,0.00477186063638004,-0.012200283285886081,0.04958648477506381,-0.0036282406907107998,-0.021792554202585603,-0.006497215413417099,0.0042096372862759175,-0.0011623848548563628,0.45
text,train,5,0,1,10,"1,2,3,4,5,6,7,8,9,10",10,454,394,7677,425,368,6899,47,46,778,0.8386326283079437,eligible,-0.08307551092199508,2.9755918559641112,-3.058667366886106,-12.095375098074054,3.6528151093840147,4.0694160736286324,200,0.18730938942963263,0.07221397423745433,3.5282002860434005,7.13617953838754,9.013215859030836,54.12114537444934,3.4772393538913353,0.9977973568281938,0.5110132158590308,0.0,0.0,0.0,0.0,2.015418502202643,3.1674008810572687,0.8392070484581498,0.6574547675735589,-0.14934815787415148,-0.006601312880553567,0.06418203935488068,-0.011152837285596368,-0.22903541180115172,0.017013300547423907,0.0028958604316255054,-0.144204578615794,-0.007155116142124731,0.24761987284114673,-0.12427460520187347,-0.1239543537807142,-0.12648253671254017,0.1700196688081746,-0.14888088545365108,-0.11450654133535501,0.03141130530444356,-0.03723130628015915,-0.00638151288242941,-0.027264875738117044,0.006939614641835021,0.005478006729190103,-0.01174439433408035,-0.04321447484762827,0.03545476412555998,-0.004080404874187079,0.006266345002760037,-0.029558256282170427,0.014516036945483599,-0.021772582469246078,0.002448364852879238,0.055
text,train,5,1,11,20,"11,12,13,14,15,16,17,18,19,20",10,480,420,9032,441,387,7908,65,64,1124,0.8386326283079437,eligible,4.1472114468517445,0.08083201366401796,4.066379433187726,-10.81421484809579,15.720401139396808,7.426204336134898,200,0.24546374943581298,0.08025301027751457,3.750662449168908,7.298631387531367,9.010416666666666,54.15208333333333,3.4783796296296288,1.0,0.4625,0.0,0.0,0.0,0.0,2.0104166666666665,3.1875,0.825,0.6490132253126829,-0.15198238997251928,-0.0002649576611920071,0.05617677767623129,-0.01589774184148696,-0.22523598778548948,0.021306900614474274,0.004151284112799457,-0.14927236166934466,-0.004969790958579858,0.2504361845308101,-0.12488941500812717,-0.12318862361968701,-0.12914365118210594,0.16968560728956425,-0.14824640979140521,-0.11547254760727611,0.028571259447799525,-0.037525621561605216,-0.008685756640738696,-0.027433393692619695,0.005158048342972381,-0.00100099730021606,-0.008361534377200611,-0.043972434707155415,0.030740074429933723,-0.0038859849776102682,0.0035977969694164958,-0.03262662262972045,0.012742817757715007,-0.02049303238574053,-0.0010858276364357513,0.155
text,train,5,2,21,30,"21,22,23,24,25,26,27,28,29,30",10,496,432,9866,457,394,8431,88,87,1435,0.8386326283079437,eligible,1.8345072662715352,-0.22369988117592773,2.058207147447463,-11.916224664033871,14.984930145581371,7.34046545022383,200,0.3029649397143579,0.0851004509730958,3.8026988637651993,7.295076623540922,9.008064516129032,54.19153225806452,3.486021505376343,1.0,0.4274193548387097,0.0,0.0,0.0,0.0,2.0080645161290325,3.193548387096774,0.8104838709677419,0.6422184554212673,-0.15661186561050577,0.005563556278795974,0.05115932446965037,-0.021242215284049352,-0.22759481109320107,0.025261168559902902,0.0019934597349186172,-0.1541061856701347,-0.0033500945139269167,0.25204482743831447,-0.1261837522728503,-0.12310760108542194,-0.13297507357776195,0.1695116642018098,-0.14830275392492948,-0.11675128326686542,0.026734521941716508,-0.042225511884797146,-0.002094690657561155,-0.028095815567277867,0.0008676965923118888,-0.005234948986590162,-0.00607598401198637,-0.045383818396978644,0.026688589197880856,-0.010379712444886894,0.011314328914893052,-0.03770454805321661,0.014999800018900753,-0.01854776623133184,-0.0019034753519574846,0.255
text,train,5,3,31,40,"31,32,33,34,35,36,37,38,39,40",10,413,371,8828,382,341,7194,109,108,1634,0.8386326283079437,eligible,-1.9506364097179052,-0.7195885874375707,-1.2310478222803345,-18.82429125883305,12.87093877251819,8.120986677187739,200,0.3536211621123974,0.09095329920423531,3.858001556484389,7.294757587482595,9.002421307506053,54.22518159806295,3.490503093892924,1.0,0.39709443099273606,0.0,0.0,0.0,0.0,2.002421307506053,3.225181598062954,0.8111380145278451,0.638241072744288,-0.15809304501884178,0.012118479774398214,0.04587691203398323,-0.02619262235207153,-0.235109276540322,0.02745151374658665,0.0030578063482308176,-0.15693551307126083,-0.0030904176837962113,0.25422507285777596,-0.1293273561851641,-0.12691222299107982,-0.13558290309983337,0.17006943133080007,-0.14817951274483046,-0.11779983258024257,0.02579406495277445,-0.042183402862506485,0.0035756920076512673,-0.030080457514232842,-0.0003172037977836509,-0.007160342518617419,-0.0035839831732701194,-0.044421950019642685,0.019524559143936995,-0.011626412855305192,0.016276048566922875,-0.038001538769988574,0.014038808262716227,-0.02010741478798583,-0.0018965935327710638,0.355
text,train,5,4,41,49,"41,42,43,44,45,46,47,48,49",9,283,260,5988,254,234,4055,161,157,1933,0.8386326283079437,eligible,-3.035790638688629,-0.2924466497048318,-2.743343988983797,-18.61233292465563,21.975691765513712,10.619738277658108,200,0.3912032173425063,0.10025104060656831,3.998056245834009,7.439491361992041,8.985865724381625,54.13427561837456,3.5000392618767173,0.9964664310954063,0.40636042402826855,0.0,0.0,0.0,0.0,1.9964664310954063,3.2296819787985864,0.8197879858657244,0.6420532904723149,-0.1531437700882816,0.011153665737683761,0.048930997351129824,-0.02457020209415691,-0.2391339840329229,0.0238133100542603,0.00042547132329301895,-0.1564586370628021,0.0011835514559072572,0.25382032912944225,-0.1285198623954747,-0.12605838230618888,-0.13561507847108734,0.17293318480028433,-0.1496619690424582,-0.11560623849380912,0.028065067719095324,-0.043975739863134626,0.0015704964852738962,-0.0286162718510315,0.0025000573423081575,-0.012181559572524842,-0.005102192320885048,-0.04516563664734896,0.012410837111064244,-0.005144082747416625,0.016240691533766324,-0.03174319334238895,0.014183652729322031,-0.023472920756438875,-0.002695071661600174,0.45
text,train,6,0,1,10,"1,2,3,10",4,486,220,14430,473,208,14389,20,19,41,0.8865037982573881,insufficient_support,,,,,,,0,0.10494093141286383,0.05098050610876731,3.4790730589888765,8.166844852965038,5.012345679012346,36.79012345679013,4.408641975308641,1.0,0.0,0.0,0.0,0.0,0.0,1.0123456790123457,2.0,1.0,0.26777389030908333,0.6165509492406434,0.17783893953246774,-0.44540107619961183,-0.31038901998809887,-0.07403643551111853,0.058479390062224856,-0.0012031715731593354,-0.002419786072809121,0.010035062315668043,0.0045654027086747305,-0.0071566804828621395,0.014315119739004838,0.012835619261252772,-0.007239440122962732,-0.012154428539226067,-0.0149654379906479,0.003937574066528403,0.024096661493824962,0.006239471873979249,-0.015425996608544568,0.009521397940905795,-0.012375457554518807,-0.011167238995343226,-0.007590021151498607,-0.0016616200197382216,0.015259653918272791,0.008814709913394938,-0.007741038784590852,-0.006712196824019204,-0.001883173265824272,0.010768113258224096,0.04
text,train,6,1,11,20,14,1,245,164,1469,239,159,1456,7,7,13,0.8865037982573881,insufficient_support,,,,,,,0,0.1522021253077677,0.06605532672520882,3.7923445951622714,8.636649639149034,5.016326530612245,36.83265306122449,4.406258503401361,1.0,0.0,0.0,0.0,0.0,0.0,1.0163265306122449,2.0,1.0,0.26824207860968735,0.6251862097561347,0.17911473247130283,-0.44865945359739035,-0.3116719845144291,-0.06977645527884517,0.05953042810731529,-0.014280444560764188,-0.0011735690038464637,0.008544302895692357,-0.006286611243621748,-0.00529942370809503,0.015087506949722594,0.01891099274725312,-0.0020239991556257626,-0.021225924633589646,-0.020365506407268186,-0.00021459997022120418,0.019856275674555862,0.0049681563930338846,-0.005988363367956534,0.005908616294377135,-0.02212156497440361,-0.0348049258520184,-0.026509050711219836,-0.0034445953667904955,0.03035066024287605,-0.0024571082997213818,0.0014348892958360561,-0.010690222854159931,-0.00817111816640148,-0.005848631848929153,0.14
text,train,6,2,21,30,"21,25,28",3,285,233,2013,280,229,1994,13,13,19,0.8865037982573881,insufficient_support,,,,,,,0,0.22234958441283345,0.0870286675425899,3.41116478345591,8.159360809097684,5.049122807017544,36.91929824561404,4.397426900584795,1.0,0.0,0.0,0.0,0.0,0.0,1.0491228070175438,2.0,1.0,0.2745929963994034,0.6182939760693125,0.17955826038997882,-0.4460494515797671,-0.30548484776972934,-0.07260234086177608,0.052153067453446465,-0.007343010636957953,0.01852265647686578,-0.00014211954253525006,-0.025222882861225957,0.00610915253368982,0.024083266666570673,0.025540824595063096,0.015406126218902472,-0.04235019939591042,-0.022682310309266093,0.022180951288222985,0.03107763873149135,-0.005161783543848993,-0.009658934744867556,-0.000517042530421359,-0.017498416670042906,-0.04358985769742968,-0.04554127643298181,-0.006637811607961317,0.031495491642694835,0.007633766991232243,0.02289154257033029,-0.014595430480503057,-0.028541188878087483,-0.038699044005545524,0.24666666666666667
text,train,6,3,31,40,"31,32,33,35,36,37,38,39,40",9,238,219,2369,226,207,2229,50,50,140,0.8865037982573881,eligible,-7.157368894263219,1.9160084650280733,-9.073377359291293,-39.20832553530373,24.139666402677513,17.889965115191206,199,0.27845951857781154,0.11025897614024888,3.2288179056053155,7.909257275341384,5.07563025210084,37.09243697478992,4.4,1.0,0.0,0.0,0.0,0.0,0.0,1.0756302521008403,2.0,1.0,0.2789334539242392,0.6028668107829713,0.17692589442604867,-0.4389937416404954,-0.2993291845197188,-0.07791410964161911,0.04529562387884189,-0.012585247871392069,0.02349941628769187,7.844584129518179e-06,-0.03294559727867966,0.004147837151693982,0.022140885119492713,0.031514288691044154,0.02134907034712616,-0.048794507422847785,-0.020564503984959986,0.023486563274121942,0.020849090787578954,0.0015849381857593904,-0.020553085403572695,-0.0025389838888689527,-0.019319935831243185,-0.022439922157618024,-0.04329399115938172,-0.02768811261977789,0.04167741018798081,0.02144153557210716,0.06259981227839428,-0.01043271787311379,-0.04946938581132288,-0.06121129226521726,0.35666666666666663
text,train,6,4,41,49,"41,42,43,44,45,46,47,48,49",9,141,136,1305,127,124,893,63,61,412,0.8865037982573881,eligible,0.9534025062915877,6.782490012747869,-5.829087506456281,-63.48181340839801,47.39630061529553,28.768507586857655,200,0.33234029821582295,0.1280947885099075,3.1126707314506654,7.5951437336529555,5.113475177304965,37.205673758865245,4.391016548463356,1.0,0.0,0.0,0.0,0.0,0.0,1.1134751773049645,2.0,1.0,0.28246606810450126,0.5917546347637539,0.1766666635102104,-0.43802358332623775,-0.2979184137523351,-0.08095789473368459,0.04250219160056798,-0.017134947210612254,0.028224753223420922,-0.004983838523832846,-0.03887835881533987,0.003974398651265889,0.022917964014620245,0.04360044785489099,0.029976614712778373,-0.057151946487648785,-0.02352965156746195,0.033600971747251455,0.015603260842629064,0.00833593066776667,-0.026252368804433202,-0.00105175850942848,-0.015751905382932547,-0.013203329746084685,-0.050086513084175464,-0.041640674090795714,0.05334785938188368,0.02659896382398485,0.09222958077224404,-0.0026656821970478103,-0.07027387982533483,-0.07556870567599021,0.45
text,train,7,0,1,10,"1,2,3,4,5,6,7,8,9,10",10,308,265,4643,202,175,2578,123,123,2065,0.8770387591594155,eligible,-2.237785092961319,-1.874115003741716,-0.36367008921960287,-3.4760458961281424,2.5782657008654897,1.597581288350419,200,0.39012970294014127,0.08012040902216236,3.011542890472827,7.202992025208774,7.857142857142857,44.29545454545455,3.4899232934605458,1.0,0.0,0.003246753246753247,0.0,0.0,0.0,3.3376623376623376,2.0064935064935066,1.1168831168831168,0.2299114367929778,0.05900886569602043,0.007818389321680889,0.015074015137912027,0.02849952044521379,-0.03050756894895478,-0.002684640549646605,-0.16101424847670193,0.27079498680602876,-0.04874589915305737,-0.3173504046500195,0.0309083872074454,0.02246467770365236,0.1314974275967881,0.3733224932224146,-0.3510717815293199,0.14324748391975575,0.1333404503016074,-0.3610167967113266,0.15012556275412234,0.03253733334725285,0.018292757033311652,0.028924596490129604,0.24186847311731358,0.05872196277509775,0.03471452010675321,0.021362909816533066,-0.04236638199133981,-0.05857349283479907,-0.020314145906791096,-0.004919204337009881,0.021812016415180373,0.055
text,train,7,1,11,20,"11,12,13,14,15,16,17,18,19,20",10,239,219,3139,156,142,1536,109,108,1603,0.8770387591594155,eligible,-5.215768787390849,2.958309275322183,-8.174078062713033,-19.535952803968865,3.632356374063719,5.784820951968112,200,0.43775391011886183,0.10183034333374742,3.2166145308013587,7.127784938236336,7.7824267782426775,44.24686192468619,3.5506278613358546,0.99581589958159,0.0,0.0041841004184100415,0.0,0.0,0.0,3.079497907949791,1.9832635983263598,1.0753138075313808,0.2366289420405241,0.06658290817760425,0.012159532618225524,0.016574068035959465,0.03365489961129072,-0.017877332506397958,-0.00024386531291149404,-0.166753710590254,0.2685471248443503,-0.04687958496542631,-0.32514224753625226,0.036109302977792405,0.02433011940021096,0.12769277457100775,0.3729959836261308,-0.34463555759954323,0.1376655241599735,0.12715033514440877,-0.3472214443244737,0.13782758232384523,0.03154863991006421,0.013095830721284984,0.019536238112925833,0.18134998218874243,0.044464789221653284,0.026347124219163784,0.047350870466886366,-0.013702553306460965,-0.021464552997676762,-0.04308789053444441,0.007352826168485545,0.021277068962242573,0.155
text,train,7,2,21,30,"21,22,23,24,25,26,27,28,29,30",10,197,181,2100,134,122,968,93,91,1132,0.8770387591594155,eligible,-8.25633490411861,8.57230397278039,-16.828638876899,-35.87320347668056,3.215516243800382,10.415447210827619,200,0.4319925602617877,0.1135273586619401,3.2956070520226683,7.208742000567565,7.791878172588833,44.53807106598985,3.632414524947252,0.9949238578680203,0.0,0.005076142131979695,0.0,0.0,0.005076142131979695,3.1319796954314723,1.9796954314720812,1.0507614213197969,0.24532390021384323,0.07292843105314996,0.0139176719318423,0.01798840907637009,0.038298972760194394,-0.01473224751299619,-0.0036710738860818225,-0.17273683011487972,0.27246791545816335,-0.04990691761336735,-0.3317366078559538,0.03851565356620565,0.02544808673004221,0.12743638589127185,0.37423375783571067,-0.34547085492426066,0.13244878398438903,0.12673137707634902,-0.33197463631709784,0.1292340932151189,0.029911741653709266,0.004871468514018891,0.017638116862075056,0.15282800517962844,0.03356534175690866,0.021673898709875294,0.053223076136606984,-0.011815490677564875,-0.006408036643392594,-0.046341045663245505,0.0069172378848494165,0.013397273021541093,0.255
text,train,7,3,31,40,"31,32,33,34,35,36,37,38,39,40",10,160,153,1647,102,98,690,96,94,957,0.8770387591594155,eligible,-14.191283216154549,11.393621591429696,-25.58490480758425,-43.70663028730015,-5.726332293740933,10.462688947363944,200,0.4886712864772703,0.12198916605847047,3.4105967643433592,7.418798474558206,7.65625,43.71875,3.597004388155704,1.0,0.0,0.0,0.0,0.0,0.00625,3.05,1.98125,1.0,0.24015414077226732,0.07329860586608039,0.014529411398378428,0.017505437098228847,0.03609931255777638,-0.015291593600176168,-0.003597116139611039,-0.16803492250375052,0.2698905393299002,-0.05137082722411229,-0.3285618863953058,0.0363440238891186,0.02494944814494094,0.1294561132689672,0.3723224930530519,-0.34527530060116096,0.1345045034302445,0.1283260104048909,-0.33546664780823987,0.13216028145734746,0.028677242826907978,0.004792761849870874,0.022102309638667116,0.17068878714423658,0.042093985051532,0.02506197880377798,0.04471866927191744,-0.01807794106772806,-0.014331290000021141,-0.039617291236531973,0.00037345780193825327,0.015292035264361861,0.355
text,train,7,4,41,49,"41,42,43,44,45,46,47,48,49",9,123,118,1283,89,85,594,88,87,689,0.8770387591594155,eligible,-11.881216775953618,20.981595932385666,-32.862812708339284,-58.40001047924764,-9.135192435102214,13.109090070311774,200,0.49246023967909464,0.13549151733283973,3.43753039471168,7.471766103024424,7.902439024390244,44.68292682926829,3.5567778641270293,0.991869918699187,0.0,0.0,0.0,0.0,0.008130081300813009,3.186991869918699,2.0,1.024390243902439,0.24582028198057043,0.06948877138855358,0.017959087211756205,0.01855546033869185,0.041428628064124236,-0.02014156720201513,-0.00168413925778375,-0.1656180382309598,0.27441642742184763,-0.04915535952924831,-0.32532609117344374,0.036727654736616266,0.0280858666524976,0.13314408418538123,0.3750333971146262,-0.34459217045601287,0.13640548099252267,0.13027314648917265,-0.33608228835158954,0.13593009586555324,0.026356652075271596,0.009918881873052387,0.025165279102864667,0.19188004004749765,0.042398809714046234,0.03241429779950349,0.03348457212631483,-0.04479306755705426,-0.03469495018783417,-0.032526882105078356,-0.015110537368257966,0.0011522122228996951,0.45
text,train,8,0,1,10,"1,2,3,4,5,7,9,10",8,120,80,469,61,48,198,71,52,271,0.9866871020360224,eligible,6.8471250971250965,8.181440900425862,-1.334315803300766,-19.670224200041474,11.768625898310027,8.050510922724794,192,0.5478971001836401,0.15493037320080733,3.0148290774183746,7.705723639009261,5.775,36.175,5.274781746031746,0.058333333333333334,0.0,0.0,0.0,0.0,0.0,3.7583333333333333,0.075,1.0416666666666667,0.018207110754023682,0.01919831552806941,0.648658140271646,0.47502596689445026,-0.2870524332102702,0.09641863526497632,-0.14020987091164627,-0.00973001117230144,0.053523488285795784,0.007032950840920231,0.06823902460300617,-0.029448451496828506,0.046468387581871905,0.016831627460904587,-0.3004046346694785,-0.26689215703070496,0.051158482482819775,-0.01179018951863871,-0.0262500071519365,0.01288364900860096,-0.09427157759863898,0.13351309007141735,-0.02029312698132811,0.0006408544541305899,-0.06591149851695753,0.022743039440290738,-0.01318396022991598,-0.022109362522063657,-0.011036516080412827,0.001221369807887268,-0.03533056766542062,0.006149351206855682,0.05125
text,train,8,1,11,20,"11,12,13,14,15,16,17,18,19,20",10,130,91,725,64,52,361,77,67,364,0.9866871020360224,eligible,-1.1878497699291135,-0.9171619828033936,-0.27068778712572,-12.97553752165297,15.280276088745287,7.133106286472597,200,0.5301271323380253,0.11162062836792139,3.1400573225923942,7.666577432490518,5.876923076923077,36.93076923076923,5.287933455433455,0.13846153846153847,0.0,0.0,0.0,0.0,0.0,3.876923076923077,0.09230769230769231,1.0923076923076922,0.018238941974896873,0.017286961511069617,0.6434190543277167,0.47381678695920676,-0.286626151826642,0.0919649481051723,-0.12361151843843159,-0.013235225348117663,0.062119616764461066,0.010461650371283613,0.07525008690721222,-0.022059525676538464,0.041846633443731136,0.015558711665180774,-0.30497162794622606,-0.27105006278059846,0.04951249675325345,-0.01296296001143557,-0.025619760759855816,0.01128673101785781,-0.09239958631581774,0.1323074346782363,-0.020237444769969373,-0.00041676818729372884,-0.06491568421306289,0.023451863926010254,-0.013885007763940407,-0.02162778823986096,-0.009949670359875377,0.0036483826948509107,-0.030558969301007297,0.0031353764811049138,0.155
text,train,8,2,21,30,"21,22,23,24,25,26,27,28,29,30",10,150,99,989,82,60,421,86,69,568,0.9866871020360224,eligible,4.672974874587778,11.569745197083552,-6.896770322495774,-29.384286916132936,24.579839646392298,16.15778978084769,200,0.5127111104228826,0.11122492804765069,3.1008597738594466,7.61067965267901,5.82,36.513333333333335,5.308190476190477,0.08666666666666667,0.0,0.0,0.0,0.0,0.0,3.8066666666666666,0.04666666666666667,1.0333333333333334,0.01823796539445969,0.018442258633049182,0.6466298472441915,0.4730011845927106,-0.2826896225358975,0.09502455827588761,-0.1341571628561694,-0.006730769537264579,0.04917569205866033,0.007807037393981561,0.06591100900081676,-0.0316669260805367,0.05165347107148215,0.018463580298444374,-0.30882430034827946,-0.2782020078644475,0.052899180955530097,-0.012313717226729136,-0.02553278543778447,0.013151695878835476,-0.09821046714738067,0.13777400536117745,-0.019620112531726217,-0.0002101650818155481,-0.06720505993850244,0.02210974396666434,-0.01317126317027469,-0.022246300113499606,-0.008523379093126063,0.001391026557177263,-0.036099321386366276,0.007483103421443863,0.255
text,train,8,3,31,40,"31,32,33,34,35,36,37,38,39,40",10,172,113,1221,104,73,700,109,82,521,0.9866871020360224,eligible,-2.5983515559427275,6.029753685637909,-8.628105241580636,-29.849154753686456,15.370559276237403,12.444747884334776,200,0.5175823825011068,0.11320116889229635,3.0950501041215737,7.681886638371707,5.773255813953488,36.174418604651166,5.302913898117387,0.040697674418604654,0.0,0.0,0.0,0.0,0.0,3.75,0.03488372093023256,1.0116279069767442,0.01676488153738139,0.01945661948391875,0.6486623213607489,0.4721348547035029,-0.28040617984097765,0.09837946594228113,-0.14017841676635553,-0.005347699551106626,0.04674060964328087,0.006530843809589269,0.05995863413155512,-0.034480257787508004,0.05535418817602362,0.020750279093532387,-0.30952501129801696,-0.27845597608618816,0.05559001160227893,-0.011314337690721994,-0.0265879181654343,0.015013558430229928,-0.10002490104045,0.13960996256540262,-0.01901855825938219,0.0015244488752168708,-0.06650873612216703,0.021680665613369034,-0.012916763642876977,-0.02364839259996948,-0.009064443118381406,6.285173161723747e-05,-0.036641013262224104,0.008805776804936122,0.355
text,train,8,4,41,49,"41,42,43,44,45,46,47,48,49",9,243,174,5185,196,149,2659,185,139,2526,0.9866871020360224,eligible,-12.257700379826982,5.944897247153971,-18.202597626980953,-37.024851925287905,0.6402635785676791,10.024374517735978,200,0.5039994792490591,0.09567491991696811,3.0685121995924494,7.661677299244666,5.8353909465020575,36.288065843621396,5.2487197073616825,0.04526748971193416,0.0,0.0,0.0,0.0,0.0,3.8189300411522633,0.03292181069958848,1.0164609053497942,0.016500626923940512,0.01953101698174007,0.6511318693257072,0.47316896160122,-0.28220824155765545,0.10135076607976183,-0.14552390837128287,-0.004707955148211974,0.04525945495737118,0.00599954885716607,0.061634077837242195,-0.03552453164755612,0.055236618588040354,0.019880813944002918,-0.30722807190730983,-0.2739557229326532,0.05411505325871216,-0.012009771156572058,-0.027066917745087796,0.01570914677106856,-0.09920148373051782,0.13892734304876653,-0.02040352135480825,0.002001047769161512,-0.066171401430874,0.021651345699236473,-0.013407145006844784,-0.023529784041426402,-0.010791545988146854,-0.000895780644532182,-0.03597084607581538,0.00966980759982837,0.45
text,train,9,0,1,10,"1,2,3,4,5,6,7,8,9,10",10,263,244,3163,142,137,1661,131,125,1502,0.7231879231439071,eligible,2.7651484223976435,-3.4691102021557283,6.234258624553372,1.7397661907662558,12.967894142195894,3.1506560401937684,200,0.4651051797041785,0.07978062677392751,3.1328641262307806,7.169361829015458,10.060836501901141,59.125475285171106,4.10628985381278,0.973384030418251,0.6197718631178707,0.0,0.0076045627376425855,0.0,0.0038022813688212928,2.6425855513307983,1.2927756653992395,0.3688212927756654,0.21585448998623333,0.05130135640464303,0.04050570884323788,0.26214407612926416,-0.01719133225534025,-0.16294019167882504,0.4480579317437842,0.032477659870466885,-0.1025167893670329,0.003952800796992995,-0.19628321936444154,0.07086723928491795,0.05069053302009326,0.016101588714770524,0.09523285367655449,0.10199455265964927,0.012247209112973678,-0.04828538754316134,0.03392551023938446,0.011850079723681574,-0.16011251124683393,0.22401333266694695,-0.041104955901608516,-0.019066389295346996,-0.06751040629148167,0.006729711449639929,-0.021642264087802288,-0.051588995435917696,0.0028376337039130585,-0.016550093497705545,-0.0034605420537278013,0.014110113489577318,0.055
text,train,9,1,11,20,"11,12,13,14,15,16,17,18,19,20",10,323,304,3477,172,165,1971,164,160,1506,0.7231879231439071,eligible,0.30737394160593307,-3.7909455330058606,4.0983194746117935,-6.397583289374172,14.45987434434973,5.567332923223578,200,0.48789244473787596,0.08070550989783219,3.2545163398373504,7.022201149954695,10.043343653250774,58.94427244582043,4.067384958775415,0.9752321981424149,0.6811145510835913,0.0030959752321981426,0.009287925696594427,0.0,0.0030959752321981426,2.582043343653251,1.3560371517027863,0.33436532507739936,0.23013313200548924,0.04524236826014002,0.032232472879103295,0.26412519992773725,-0.024287313996801174,-0.17015096634184607,0.46177637392028426,0.03492203427288376,-0.11079162676943155,0.0021165186189766477,-0.20404008697018347,0.07538891013085561,0.0520224904181835,0.01622604967685581,0.09466873867046752,0.09163790845871815,0.012898046963847512,-0.04789097813890565,0.03483150112343112,0.013426150652574173,-0.14881543851238585,0.21167677829218465,-0.036871651468846335,-0.014840396362424832,-0.06718613340743433,-0.0003818983051720152,-0.008092134302718879,-0.046225972473094505,0.0023678851781854127,-0.021867209220657373,-0.006821266901219645,0.020262819979292614,0.155
text,train,9,2,21,30,"21,22,23,24,25,26,27,28,29,30",10,302,281,3886,166,159,2046,161,154,1840,0.7231879231439071,eligible,-5.725204126825463,-1.3605072064931925,-4.36469692033227,-24.69222700172794,12.9822777444829,9.714570263597729,200,0.4894080472064878,0.08697609122211793,3.4121244015054075,7.096673945362641,10.135761589403973,59.36092715231788,4.050604055512509,0.9768211920529801,0.7086092715231788,0.0033112582781456954,0.0033112582781456954,0.0,0.0033112582781456954,2.622516556291391,1.3609271523178808,0.31788079470198677,0.23671843390661748,0.041086963580532966,0.02698195631676276,0.2637554475696478,-0.025591277411513114,-0.17041973913292757,0.45925077050329177,0.0325624254849996,-0.11086716789018702,0.0019591362522833364,-0.1993006914199663,0.07447318603077467,0.05056211825215104,0.014653780352053279,0.09879585063805486,0.09219911685519543,0.010772663484879288,-0.045413374113315044,0.0313792406470131,0.015773353879442866,-0.14678530242687388,0.21333026588942502,-0.03748961967221321,-0.017495306503114653,-0.06770200401401565,0.003631038169878164,-0.011367222966421387,-0.04807343785143843,0.0013321960198701718,-0.019420779571732914,-0.005409450784728334,0.017737334526270163,0.255
text,train,9,3,31,40,"31,32,33,34,35,36,37,38,39,40",10,299,278,5110,160,153,2783,192,184,2327,0.7231879231439071,eligible,18.37602787032952,2.5035657265280387,15.87246214380148,-22.51972951051858,37.491836935579016,16.836590981616602,200,0.5193120632227773,0.08850938526428197,3.4240878575556413,7.005570766503194,10.250836120401338,59.84280936454849,4.057267316262988,0.979933110367893,0.6622073578595318,0.0033444816053511705,0.006688963210702341,0.0033444816053511705,0.0033444816053511705,2.682274247491639,1.37123745819398,0.3210702341137124,0.23936499181410556,0.038316205024069974,0.03472661673633915,0.25760053081441764,-0.023852613078052583,-0.1729928322604479,0.45482215736456016,0.027466248798569588,-0.10207085478716592,0.0008119567801436772,-0.2022522594279578,0.0741027802289276,0.04855400119651353,0.016667388096348785,0.10661282966168528,0.09569776828959571,0.011381409371794873,-0.04415855202541676,0.028309926054729217,0.015301088074280968,-0.14932537497337012,0.21632200613555871,-0.03770684484133625,-0.0243238302190118,-0.06761582356147644,0.004740393080156547,-0.016103126793378622,-0.052520796376840255,0.0037565022790900337,-0.019427313491167046,-0.003355097746499581,0.016929091091401775,0.355
text,train,9,4,41,49,"41,42,43,44,45,46,47,48,49",9,219,211,3585,153,149,1829,172,167,1756,0.7231879231439071,eligible,-3.1478657810846995,-0.7514520100445515,-2.3964137710401476,-22.00550167174662,20.74752322890334,11.37411531937994,200,0.5269087807207619,0.09766198499281793,3.465397560069625,6.983763171258271,10.246575342465754,59.593607305936075,4.041848742030047,0.9726027397260274,0.6255707762557078,0.0,0.0045662100456621,0.0045662100456621,0.0045662100456621,2.767123287671233,1.3470319634703196,0.3515981735159817,0.22872458306983243,0.03962676099457072,0.040477051884624256,0.25655033160389584,-0.024899228788220425,-0.17474494797013645,0.46667091948681794,0.03342129303288033,-0.10659020320814235,0.001991701589377394,-0.20694545897236544,0.0756114676884313,0.04947132550161059,0.018741374014254655,0.09618866503955974,0.0905957403160447,0.014270146259195253,-0.04435159379881881,0.029711457556664385,0.012474488100151542,-0.14113183887247704,0.20219858819127262,-0.03428878907768187,-0.01951752284930975,-0.06279415268568733,0.005162486590457198,-0.017819783948377046,-0.04627930956511758,0.006411358328241761,-0.019139096271782882,-0.0003328456271209264,0.013888121981865018,0.45
text,train,10,0,1,10,"1,2,3",3,77,69,979,70,62,941,8,8,38,0.8245711496061386,insufficient_support,,,,,,,0,0.11276110169171626,0.040757113150365856,2.8340619231179573,7.012862277604115,11.0,71.31168831168831,4.107621704451847,0.9090909090909091,0.7792207792207793,0.0,0.025974025974025976,0.0,0.07792207792207792,2.6493506493506493,3.142857142857143,0.6363636363636364,0.3247279329703935,0.02215778834012651,0.09436449116188884,0.040951523793661,0.052718756358985444,-0.12893103013755114,0.12547452869790846,-0.08826154692970009,0.1078501217192743,0.008560709182189577,0.059822014693987326,-0.12754636780219528,-0.03657193626056701,-0.00032834256798877924,0.0705741782957509,0.0933804529624742,0.010529474824566619,0.07354371918420485,-0.1496863272746913,0.17764886195882645,-0.09620858249929984,0.16506891653708675,0.008905781360351247,-0.13585750163820104,0.2064085919961601,-0.1957320502122463,0.16528199466004742,-0.08174393072903302,0.16515436041253426,-0.17217258168623717,0.3917958650355997,0.038089271518615526,0.02
text,train,10,1,11,20,"15,16,17,18,20",5,102,85,590,91,76,531,12,12,59,0.8245711496061386,insufficient_support,,,,,,,0,0.2403150764614288,0.05601136520330601,2.8517211084354064,6.608082007918473,10.480392156862745,69.00980392156863,4.182632983058679,0.9215686274509803,0.7450980392156863,0.0,0.00980392156862745,0.0,0.09803921568627451,2.588235294117647,3.0392156862745097,0.5490196078431373,0.29799728995040625,0.020033952257839466,0.10376975963212345,0.005173567174247332,0.039441999755202135,-0.11873541124032387,0.1266273412434151,-0.08261469028433023,0.10209205209235374,0.008422587625688571,0.056861999835945296,-0.1352390574374838,-0.024389914015988647,0.004228994584699197,0.085859979761961,0.08057518934201165,0.008630098766741472,0.08228784397640905,-0.1600579506480797,0.1835336926208525,-0.10831159103575348,0.15244997472429186,0.0037416595116885275,-0.16887160538682072,0.19349626420680635,-0.2384987512835261,0.18794735725739248,-0.09881704289122402,0.1889406732752652,-0.2045204824432644,0.38824588156271944,0.06703619232812091,0.172
text,train,10,2,21,30,"21,22,23,24,25,26,27,28,29,30",10,104,90,1143,86,77,940,19,18,203,0.8245711496061386,insufficient_support,,,,,,,0,0.3176243199739331,0.0576294986131005,2.8650191497407755,6.600412515332004,10.51923076923077,68.40384615384616,4.221911021670636,0.9423076923076923,0.6730769230769231,0.0,0.009615384615384616,0.0,0.17307692307692307,2.6346153846153846,2.8076923076923075,0.46153846153846156,0.29666842144452094,0.023147917289108724,0.1110620590852191,0.005297557997329204,0.04573870613261071,-0.12304722852050852,0.13905026596150363,-0.08918544422445346,0.11686990477092711,0.008305211583031994,0.04565827351886395,-0.13173674959513537,-0.019694152926288254,0.00586806812209534,0.0888487985036828,0.06519074940444816,0.013344519059289676,0.07660509688783951,-0.16073859680586886,0.17664991319590834,-0.1015812403180354,0.14713545500257483,0.0056787009262589385,-0.1774398277993462,0.19488855584646916,-0.22565670185551165,0.17578114435899655,-0.09234216681585178,0.17566611930955567,-0.19957499282290309,0.3850889483883294,0.0641507079867021,0.255
text,train,10,3,31,40,"31,32,33,34,35,36,37,38,39,40",10,66,58,1080,54,47,521,21,18,559,0.8245711496061386,eligible,-22.333740286795482,24.20962758922056,-46.54336787601604,-85.97936109350417,-14.759797498521062,18.35754999864158,199,0.3957697694754061,0.07673652220905394,3.18043886459384,6.883646925200451,10.712121212121213,69.06060606060606,4.201081197471572,0.9545454545454546,0.5454545454545454,0.0,0.0,0.0,0.21212121212121213,3.0454545454545454,2.712121212121212,0.6212121212121212,0.35819514908465716,0.031220185225221173,0.12086229360987975,0.02027495293471952,0.045416378571475936,-0.1309299949009865,0.16564583819769363,-0.1011677880792117,0.12139205586588316,0.013098571196072991,0.0454643086118123,-0.1329168169011213,-0.0062433143096432405,-0.00392876717199737,0.0941357290592464,0.09150512069771724,0.007102397995223376,0.06084369797289673,-0.1491604611604111,0.1649126750670851,-0.10116744385381876,0.16129770441737673,0.007732001490883151,-0.15920520580069636,0.21222877920646993,-0.180543645556729,0.14136917617239858,-0.07713846737794357,0.14155884286588155,-0.1607438213940136,0.33680934152087066,0.04445858513715733,0.355
text,train,10,4,41,49,"41,42,43,44,45,46,47,48,49",9,48,42,830,38,33,484,24,21,346,0.8245711496061386,eligible,-25.2937031454622,24.382529752781313,-49.67623289824351,-78.28258273007748,-9.396833339350835,17.4195141096181,200,0.4170496917675813,0.09710192960565227,3.4442793427956246,7.144689959411337,10.958333333333334,70.1875,4.236117436485084,0.9375,0.5416666666666666,0.0,0.0,0.0,0.20833333333333334,3.375,2.6041666666666665,0.6666666666666666,0.3743224206463083,0.03135274301642816,0.0847497637508862,0.06654213054882767,0.0317902066880155,-0.11168634266148521,0.15447045039895335,-0.11043296683899835,0.12263978363688867,0.01856257057808414,0.052872263558338524,-0.13503672754651586,-0.0029975572082809204,-0.012346832340110596,0.10137166963489501,0.13540927100826536,0.0028654186231784153,0.05719920165181314,-0.13906679476502182,0.16083319550982247,-0.09954417436170389,0.16927419425603799,0.015524372728293469,-0.12284922711592801,0.22390450855823865,-0.1594431894558013,0.1385523544284387,-0.07769962479421988,0.15178911859374414,-0.1457684993002053,0.3057125804436488,0.03260770466736208,0.45
text,train,11,0,1,10,"1,2,3,4,5,6,7,8,9,10",10,150,115,6387,113,85,3735,46,44,2652,0.9699606966714576,eligible,3.441153230287972,14.666716659692163,-11.225563429404191,-32.74758303006095,6.852913329092331,10.384021551991664,200,0.2884548839299589,0.060494103006999145,3.501472541692621,8.605099457277442,9.473333333333333,55.693333333333335,4.787216930781637,0.9933333333333333,0.0,0.0,1.0,0.0,0.06,5.1066666666666665,0.18,0.17333333333333334,0.1436931670038967,-0.0615164374763588,0.050369579100799304,0.039057758796070145,0.02502444069371351,-0.06705011847056695,0.3445107909529068,-0.29062523611352653,0.5760248846770875,0.1016418843715217,0.2899495845223473,0.289326871722723,-0.2595055812783364,-0.0636960347916971,-0.07045459387658352,0.10379486282958225,-0.011564861674115497,-0.002180519043302873,0.015145151822313671,-0.016195005028421576,0.055628206995637836,-0.054525343187689354,-0.008564480208703991,0.03648497385667964,-0.07866899769960366,-0.02162592191319257,0.0027736844440772127,-0.02825250014800877,-0.032431248882296135,-0.06562235532923966,-0.25674055768823745,0.14877667476043582,0.055
text,train,11,1,11,20,"11,12,13,14,15,16,17,18,19,20",10,123,111,5700,80,75,3439,53,50,2261,0.9699606966714576,eligible,13.869019738642724,16.5509887082532,-2.6819689696104767,-46.57579447696549,35.34733862593109,21.6207671235261,200,0.41534843643151637,0.07557665851446888,3.933025663183892,8.455493082165031,10.097560975609756,60.2520325203252,4.771811661647801,0.983739837398374,0.0,0.0,1.0,0.0,0.07317073170731707,5.024390243902439,0.44715447154471544,0.23577235772357724,0.13282774213732018,-0.04608006274244594,0.053355092460433594,0.04090593190404649,0.026156296459149072,-0.06021373966772515,0.34052232613621186,-0.2957002284624354,0.5855946717429321,0.10035431290295296,0.28180551417266253,0.30400768026216995,-0.2660346927590856,-0.06081422665113036,-0.06827906791454902,0.09181093389383492,-0.01168176201922215,-0.0006392415549255519,0.01608992717933574,-0.02200746360181863,0.05872334864840301,-0.0613488280845335,-0.007156094589104793,0.032899129279847075,-0.07883059693676778,-0.016641839330257466,0.004531115246219361,-0.021773906827283168,-0.026017515408862355,-0.05338753133953632,-0.23094386550341572,0.12341939103752785,0.155
text,train,11,2,21,30,"21,22,23,24,25,26,27,28,29,30",10,137,128,7372,81,78,3613,70,68,3759,0.9699606966714576,eligible,-2.4904720369086344,22.112874518273898,-24.603346555182533,-45.322957053082625,5.2475892957313235,13.792129830698709,200,0.4682239805284863,0.07204991695322131,4.133352854448863,8.619801899489893,10.766423357664234,64.82481751824818,4.795080773608133,1.0,0.0,0.0,1.0,0.0,0.043795620437956206,5.372262773722627,0.45255474452554745,0.32116788321167883,0.1165594292992034,-0.04053489222852919,0.04849548134936032,0.037261976011634834,0.02563789253781653,-0.057455129230847626,0.33887191147254475,-0.29771703750549455,0.5917574185202658,0.10218088845530961,0.29255291360477614,0.3118580763716481,-0.2709515537952758,-0.060969920781038515,-0.06902195431706663,0.09232605905098709,-0.017308670780801224,0.0012624429235386853,0.022025984558023532,-0.024226732800733435,0.0617493768775275,-0.06850631134408658,-0.01146414911632824,0.03427943327379707,-0.08635458976687752,-0.019787750986639003,-0.0009671780245702313,-0.025558185382843483,-0.02430219221286524,-0.05107254858352696,-0.23277122514443055,0.12454790441756342,0.255
text,train,11,3,31,40,"31,32,33,34,35,36,37,38,39,40",10,128,118,13035,78,75,6076,70,67,6959,0.9699606966714576,eligible,-12.272800202890803,-9.831708001762026,-2.4410922011287766,-27.429075220927594,21.03066034939005,12.023939337551923,200,0.4924906367324953,0.07526447780603115,4.323490187707954,8.868108312741425,10.765625,64.359375,4.774865057838403,0.984375,0.0,0.0,0.9921875,0.0,0.1015625,5.4453125,0.4609375,0.28125,0.12049796469134079,-0.04027631392928828,0.05277373830085423,0.03747018026362027,0.02743743602695102,-0.05830844549690248,0.3444853245119135,-0.29495073226070634,0.5879720372558341,0.10331168822485878,0.2933200210004021,0.30532308586972023,-0.263855965318378,-0.06060200661997178,-0.07328902964535902,0.09231663120208015,-0.01649252101029921,-3.699673993913435e-05,0.022331559149911733,-0.022632764184956834,0.06045850024223776,-0.06686542448824731,-0.011440385336015761,0.03693960366345074,-0.07855792010596716,-0.021204197386190872,-0.004939153096071391,-0.023816350156671457,-0.02555351036785915,-0.04971350877469205,-0.2306256758061751,0.1295066637858092,0.355
text,train,11,4,41,49,"41,42,43,44,45,46,47,48,49",9,102,95,7319,72,68,2840,64,60,4479,0.9699606966714576,eligible,-10.118413012461037,13.442723821796356,-23.561136834257397,-55.03681943995337,8.41460455597812,16.373486798182082,200,0.48062824951935135,0.09369924907484885,4.3497775458468935,8.898553869678059,10.794117647058824,64.12745098039215,4.722271888210469,1.0,0.0,0.0,0.9901960784313726,0.0,0.06862745098039216,5.578431372549019,0.43137254901960786,0.2647058823529412,0.12273716608950634,-0.039500758541261595,0.05515074656989187,0.038967387712399625,0.030081717686057514,-0.06330323281743655,0.34834398094649466,-0.29294958160757406,0.5853289423290392,0.10224238369516028,0.29121314080150873,0.3034450599967329,-0.2635193793452681,-0.06024062574562037,-0.07582355726714805,0.0908405102136101,-0.015137541899976634,-0.00037853166183320894,0.02120019934059578,-0.022261405114908088,0.057952437016623295,-0.06329470381047378,-0.01054193243413234,0.037930756956738636,-0.07576963985354383,-0.01997931519651057,-0.0068967065255900635,-0.02303684105932439,-0.026313695143712363,-0.04789056179114791,-0.22790820510539675,0.12954260789752228,0.45
text,train,12,0,1,10,"1,10",2,119,80,656,109,72,634,14,13,22,0.9621008279151232,insufficient_support,,,,,,,0,0.18581656630636723,0.07567165368840828,3.0068165067355497,7.734705352864537,6.294117647058823,43.11764705882353,3.821675056969175,1.0,0.01680672268907563,0.0,0.0,0.0,0.025210084033613446,2.0756302521008405,3.008403361344538,1.0,0.14208307747961174,0.28440103432852337,0.5723438608731015,-0.13972671786602361,0.6516720908203252,-0.0034072381177655104,0.016756039804246496,0.06194143543221776,-0.10885981564226965,-0.002102421003347573,0.014776634183763382,0.05416276709765178,-0.06203212875452696,-0.026842259182897135,0.03805563556255875,0.08021291881074101,-0.003425442930259214,-0.003767906934490734,-0.022240443095819292,0.020108021476886635,0.016480542753985732,0.0028832393785492914,0.0010009816091914863,0.06297726741716035,0.048278775007686424,-0.008744365236871629,-0.014931508176057675,0.0032524068600107473,-0.017824116244141725,0.008749084828765416,-0.008111158506019244,0.05789704211597304,0.055
text,train,12,1,11,20,"12,13,14",3,141,109,580,132,103,552,10,8,28,0.9621008279151232,insufficient_support,,,,,,,0,0.21785412190030057,0.07997801206692298,2.929512457606853,7.754022319021333,6.120567375886525,42.361702127659576,3.8150906225374306,1.0,0.0070921985815602835,0.0,0.0,0.0,0.0,2.0709219858156027,3.028368794326241,1.0283687943262412,0.13697139505083647,0.2938927173842465,0.5743009508151717,-0.13505513252938608,0.6786151533998315,0.001105766419293735,0.004231429171854453,0.0551528028249812,-0.10564738244962686,-0.010889090160857975,-0.012804753882957615,0.06702419696350052,-0.06523979729571225,-0.02295019194306286,0.05709007436408345,0.057076395656405765,-0.00760700798754044,0.001582494186644729,-0.010843258025711455,0.007004983643921591,0.0250119050057806,-0.020613134361887303,-0.0031512205241910323,0.013959284889292801,-0.002517336672867994,-0.012512997853641003,0.004147214239133876,0.00019003135821088008,0.001267728800803625,0.0015608202208362407,-0.024971598686363564,0.027396714532538634,0.13
text,train,12,2,21,30,"21,26,27,28,29,30",6,177,141,1312,168,133,1186,26,26,126,0.9621008279151232,eligible,-2.3891342501475012,-4.351817935151268,1.9626836850037663,-26.278548012496454,22.611845000401775,12.584345575919091,200,0.29890066484538713,0.09681321632389318,3.0129658366862504,7.80054306926737,6.056497175141243,41.7909604519774,3.821399018432917,1.0,0.0,0.0,0.0,0.0,0.005649717514124294,2.005649717514124,2.9661016949152543,0.9887005649717514,0.1364468013495967,0.2878341690424872,0.5733793650598248,-0.1283156109604354,0.6845152572860262,0.0034840339487341968,0.00423655034388,0.05341187319911414,-0.10087965658909731,-0.012353942907273908,-0.01859042716448957,0.06850640483409373,-0.06421518504431933,-0.02077849020115133,0.06224723275471485,0.052470994448351384,-0.008958410511847252,0.0020700537544846424,-0.009842544513746335,0.0046737111328883744,0.025426946615488142,-0.020477407477918787,-0.003391236950096221,0.0035578146652528704,-0.010664598040032645,-0.01081175572951498,0.0033903852947002756,-0.00016744815185087343,-0.0007709215529871119,-0.0013861026065925283,-0.02339391884189868,0.02565159337021474,0.2683333333333333
text,train,12,3,31,40,"31,32,33,34,35,36,37,38,39,40",10,167,139,1678,153,130,1346,48,44,332,0.9621008279151232,eligible,-9.978105008940894,-5.143688520817735,-4.834416488123158,-36.54149469710614,18.1728785110544,13.755087045729697,200,0.34945411946378674,0.11296760368028466,3.05160651150954,7.843285710538779,6.131736526946108,42.17365269461078,3.8097743906127137,1.0,0.0,0.0,0.0,0.0,0.017964071856287425,2.0239520958083834,2.9940119760479043,1.0059880239520957,0.1405219610055544,0.2867276644917573,0.5644351282753131,-0.11822263554046454,0.6834926923165133,0.00595930289149805,0.0037642477128852856,0.05273531183133261,-0.09792614896659882,-0.01237042980846934,-0.018134628026548024,0.06701482884322404,-0.06267131061486937,-0.02102378275765716,0.061492295521240546,0.0507915161033181,-0.008114571960324383,0.0016187158810044681,-0.009867826330673114,0.005462826962889269,0.024956188836073874,-0.021950945190229592,-0.002819887199634114,0.008552609400545958,-0.005008734120844049,-0.007299032269890635,0.0002658129644451621,-0.0004672542482219049,-0.005312815230318134,-0.0013765998527040105,-0.022167080212240654,0.027174340653407115,0.355
text,train,12,4,41,49,"41,42,43,44,45,46,47,48,49",9,117,104,1045,102,98,705,63,56,340,0.9621008279151232,eligible,-1.3870663281996105,7.527309283740899,-8.914375611940509,-44.5395169628645,29.10610982347235,18.237453098251265,200,0.37468742756567897,0.12359960733732546,3.2072193241513887,8.032340305255747,6.188034188034188,42.48717948717949,3.8111024777691447,1.0,0.0,0.0,0.0,0.0,0.02564102564102564,2.034188034188034,2.9914529914529915,1.0085470085470085,0.1442759860485637,0.28689597067908945,0.5609162753854414,-0.11473799348170673,0.6775787585338879,0.004876550724841349,0.005973261166328233,0.051338898447768934,-0.09685617410472816,-0.011157025198747075,-0.014770674327696054,0.06435732294207896,-0.061331322715998095,-0.02167000476357714,0.05902037912759338,0.05320538722447367,-0.007527548242791892,0.0011315243878825519,-0.010699652107437159,0.007533288103680544,0.022017860377154152,-0.01848766213426361,-0.0021141994498146146,0.013109378147752006,0.0012994554803271322,-0.007965318051237884,-0.00158121119386117,-0.0017764544161722607,-0.005764868502007635,-0.0014373640137709661,-0.02167745449868365,0.028462167801921644,0.45
text,train,13,0,1,10,"1,2,3,4,5,6,7,8,9,10",10,241,214,7017,143,128,4230,114,109,2787,0.8473379933330532,eligible,-3.5079653770219736,11.712094384464026,-15.220059761485999,-25.002626613304297,-4.661223989885292,5.3418266094151035,200,0.4392267536737111,0.06417491670816161,3.417474586738094,7.293770235168823,6.871369294605809,42.066390041493776,5.137946067302914,0.8381742738589212,0.0,0.0,0.008298755186721992,0.0,0.0,3.912863070539419,0.12863070539419086,0.3775933609958506,0.04676579270776333,0.036324498020148255,0.36137911842584175,0.12721487854247202,0.19578553836100424,-0.007099052650604819,0.20359474953363765,-0.11701224889995225,0.25760361068968085,0.06380299686591029,0.15332033648933494,0.08063766891563137,-0.05056588409528461,-0.017579628453210247,-0.13463841885161631,-0.06336063392167843,-0.008889061769317318,-0.0056014609094478494,0.009022150566059286,-0.006564201277470954,-0.028828777681879757,0.06461069626179093,0.018067028776393566,-0.041083004292939554,0.10477780920477359,0.059312309503415796,0.008488367801416163,0.043849952892720666,0.040859149505446994,0.08723395447478122,0.5265731368195321,-0.30842980470056347,0.055
text,train,13,1,11,20,"11,12,13,14,15,16,17,18,19,20",10,287,263,7554,176,164,3524,132,125,4030,0.8473379933330532,eligible,-5.001167263125218,20.646604928955952,-25.64777219208117,-38.86340445862514,-9.057604268093824,7.921299269705001,200,0.43145883219501485,0.06263118630990258,3.541385596158134,7.3445989980623825,7.013937282229965,42.44599303135889,5.07840662047979,0.8606271777003485,0.0,0.0,0.0,0.0,0.0,3.846689895470383,0.13588850174216027,0.29965156794425085,0.046107117568434025,0.024768517853310627,0.3157330934884294,0.12352045405360987,0.15465726382107284,-0.00978907583885137,0.22364727945387572,-0.1324434277523805,0.2865778978789838,0.06999594175182487,0.16812631940117953,0.11148475361844633,-0.0753639396200032,-0.021356953070392887,-0.13621265130863883,-0.055874983736787696,-0.010083751055332539,-0.005340871942768692,0.012867001378052918,-0.006945546806646621,-0.025300209644824597,0.05743355392970786,0.015828033115124613,-0.03309148811968223,0.09677438113310544,0.05537686349184445,0.007124782784986101,0.042197576729873953,0.04323892078082368,0.091075204739198,0.5080354218312263,-0.29852982395959227,0.155
text,train,13,2,21,30,"21,22,23,24,25,26,27,28,29,30",10,319,302,11505,195,188,5702,149,144,5803,0.8473379933330532,eligible,-8.262670534009425,-3.7623860762398618,-4.500284457769563,-17.78971247678723,8.084804552929748,6.861732396850405,200,0.44652978874742705,0.06399752327940127,3.662184444018736,7.491273582831803,6.984326018808777,41.893416927899686,5.091944706286399,0.9059561128526645,0.0,0.0,0.003134796238244514,0.0,0.0,3.6677115987460813,0.14420062695924765,0.22884012539184953,0.045590518781415394,0.013384619330247014,0.271204382521277,0.11501976196891128,0.11930730149460138,-0.018206994884929585,0.24169373901777824,-0.1455184809928442,0.30811670249006495,0.07438472617259356,0.18366678160295077,0.13751649348783332,-0.10038588267493957,-0.027254194402012447,-0.13531063379155178,-0.05611201850788158,-0.012929691628716393,-0.005605983853022074,0.013011551881872477,-0.007387800865587678,-0.01815200773027889,0.04897614227810331,0.015226608362623052,-0.020894968326744378,0.08806372688375812,0.05626417772046615,0.008876071374229385,0.038569394866987745,0.04468850266324491,0.0986081286110102,0.5072167235537358,-0.299571817539514,0.255
text,train,13,3,31,40,"31,32,33,34,35,36,37,38,39,40",10,284,263,17401,171,160,5777,144,140,11624,0.8473379933330532,eligible,23.2694592182893,-11.987924593533494,35.2573838118228,3.473021267507735,50.09358008942175,12.270418355365175,200,0.48623932287868976,0.06038992252117378,3.6644261484257483,7.562964679046419,7.302816901408451,43.764084507042256,5.092914151403692,0.8767605633802817,0.0035211267605633804,0.0,0.0035211267605633804,0.0,0.0035211267605633804,3.7711267605633805,0.2007042253521127,0.33098591549295775,0.051399521603653214,0.0030335342908025986,0.23108199816332506,0.10963908902975396,0.08760651073732327,-0.02496151268377708,0.251854732659686,-0.1527371944928765,0.3198225306393755,0.07639918621036981,0.18826278544002545,0.14975157030775657,-0.11019425708693514,-0.02958573595982189,-0.13461216368115758,-0.06150338403851356,-0.013048514815015714,-0.004712964372645733,0.015856916490605773,-0.008058046386249964,-0.022396714985735425,0.050589166237939485,0.016227614645564842,-0.0253531878957119,0.08682565885831908,0.054090462677929683,0.008718421925775526,0.04220723715877573,0.04615864925064815,0.09164294233502598,0.48720747511123963,-0.2899364721771863,0.355
text,train,13,4,41,49,"41,42,43,44,45,46,47,48,49",9,233,218,9901,153,146,4434,161,151,5467,0.8473379933330532,eligible,-2.846183217795421,-3.7564158561983967,0.9102326384029753,-17.737103363782875,21.57963281990111,10.74967066099392,200,0.5078412763833712,0.06094864963598132,3.6843811779142333,7.649631906378898,7.201716738197425,42.3862660944206,5.0062860422838975,0.9313304721030042,0.004291845493562232,0.0,0.004291845493562232,0.0,0.004291845493562232,3.6394849785407724,0.2017167381974249,0.24034334763948498,0.051894325522266305,-0.0032946883615987237,0.20113862843192376,0.1013527561209407,0.06564826717641725,-0.027906873064506923,0.25135676040351396,-0.16668066009387392,0.34192259994796625,0.07957481416610115,0.20477772792585947,0.16632772878575017,-0.1338838003154799,-0.035801493481301856,-0.12337514943654683,-0.04988759983826712,-0.017825944679522934,-0.004144216256999613,0.0144284619826743,-0.009013071135757096,-0.013837189735007922,0.04363316392099699,0.014671874240358764,-0.01700286350157921,0.08379511291462945,0.05771742122958531,0.00774915487529705,0.03939642236957217,0.04544970141993951,0.09995978756506063,0.5003861121036106,-0.299508976936346,0.45
text,train,14,0,1,10,,0,0,0,0,0,0,0,0,0,0,0.8204451608031837,insufficient_support,,,,,,,0,,,,,,,,,,,,,,,,,,,,,,,,,,,,,,,,,,,,,,,,,,,,,,,,,
text,train,14,1,11,20,,0,0,0,0,0,0,0,0,0,0,0.8204451608031837,insufficient_support,,,,,,,0,,,,,,,,,,,,,,,,,,,,,,,,,,,,,,,,,,,,,,,,,,,,,,,,,
text,train,14,2,21,30,"22,23,25,26,27,28,29,30",8,290,254,4112,285,250,3908,20,18,204,0.8204451608031837,eligible,-5.3461546317266695,-4.623285426304003,-0.722869205422666,-37.614272013294496,15.302220574544606,13.935779632081848,199,0.27219239016393304,0.06648135140978334,3.7933548653864193,7.465482458827518,9.0,58.40689655172414,3.3333333333333326,1.0,0.2103448275862069,0.0,0.0,0.0,0.0,2.0,3.782758620689655,0.996551724137931,0.6063496673400791,-0.10314034495051026,0.015550284074207027,-0.07824081722530676,-0.026759392650330196,0.09998786666608991,-0.005788838335290424,-0.1423889782203848,-0.028736175477612595,-0.02786514877597391,-0.11969057028858003,-0.09483834000281584,-0.07092987833233477,-0.20574828904567583,-0.08630260350486901,0.10352631690153415,0.19796083853716168,-0.24869106058556445,-0.17202086215631757,-0.08215362469609365,0.09269663558230085,0.037777253025588355,0.07379061062367571,-0.05309180885468953,-0.03636648196106356,0.04256946130914773,0.02699288068267927,-0.009775794275610665,-0.007459879357618322,0.0043450628878153085,0.0044834418644527745,-0.018307331914834683,0.2625
text,train,14,3,31,40,"31,32,33,34,35,36,37,38,39,40",10,270,238,5691,261,231,4971,44,43,720,0.8204451608031837,eligible,-0.3650274750358934,-15.207161654360862,14.84213417932497,-12.848649757707511,30.751464876412477,12.176839840238555,200,0.33261990359983884,0.06906363356155014,3.774738554651082,7.429001216360859,8.981481481481481,58.48148148148148,3.3523251028806587,0.9962962962962963,0.1814814814814815,0.0,0.0,0.0,0.0,2.0,3.8,0.9925925925925926,0.6008939286946294,-0.09880080154910742,0.019955664473085874,-0.0849358002558371,-0.029396356125401864,0.10120843355268769,-0.0034255329336472452,-0.1469650442634843,-0.029996204922899693,-0.03255795747540731,-0.12101465669063005,-0.09426400446082654,-0.07070959949506828,-0.20390846020426964,-0.08844315657836717,0.10813099665710349,0.19701777515151545,-0.2576839867440656,-0.17478798093431502,-0.09112237213202073,0.0947241386971287,0.04211033076100046,0.0827683427248035,-0.057453751677073776,-0.03352440694093351,0.0484877297032464,0.032989418150487226,-0.019324461975891216,-0.0037575697006305936,-0.002173818698889031,0.007529042381758246,-0.018363151439400666,0.355
text,train,14,4,41,49,"41,42,43,44,45,46,47,48,49",9,175,163,5433,170,158,3220,91,89,2213,0.8204451608031837,eligible,-4.335123802472419,7.643301989565838,-11.978425792038259,-42.90956863578488,16.27113987661428,14.718397579780387,200,0.3872658460161937,0.07634510156670284,3.8889729349497415,7.513964759138299,8.977142857142857,58.51428571428571,3.345650793650793,0.9942857142857143,0.13142857142857142,0.0,0.0,0.0,0.0,1.9942857142857142,3.8514285714285714,0.9942857142857143,0.5990157591850717,-0.10309903794002703,0.02982908581694785,-0.10124274078290572,-0.03405487140824702,0.10467577243685318,-0.0007898957537286497,-0.1437660490615885,-0.027543253978602123,-0.033697338481862904,-0.12427259442301261,-0.09268026642638097,-0.06906456827341699,-0.2049902224873345,-0.09157359320282166,0.11341110272633435,0.19503058920426933,-0.2549659354396883,-0.18402877302887746,-0.09065890944384668,0.10075525156732608,0.0457022451783667,0.0850549149273936,-0.06583047561937509,-0.04068684476261277,0.049967037484322775,0.04079777975009741,-0.023044973499830358,0.0004571127412657099,-0.0071479594989890035,0.005081799650763558,-0.019659946428875297,0.45
text,train,15,0,1,10,"1,2,3,4,8",5,54,37,296,30,26,177,32,22,119,0.975711524914068,eligible,-1.9612040133779263,6.731352053016329,-8.692556066394255,-18.526925262858764,2.3756896738040414,5.437398823962938,191,0.5110106858511629,0.15978541888205697,2.7991433689305216,7.033476279817241,5.722222222222222,35.96296296296296,4.496649029982364,0.9629629629629629,0.9074074074074074,0.0,0.9444444444444444,0.0,0.0,1.4259259259259258,1.0185185185185186,0.05555555555555555,0.03460445997252618,0.003999588882717633,0.41046445366987244,0.3779593993961409,-0.3720155903914649,0.052024434297546225,-0.11917196038799903,-0.0144895063905128,-0.015825708878679103,-0.017517228775711,-0.07660438844248862,0.058266737451118336,-0.10511615538187317,-0.012515358798618668,0.42269815672526184,0.44804608870857976,-0.05842782419507942,0.03127554577458906,0.0239277188618072,-0.008717089114887224,0.1523685997636962,-0.20129036012541976,0.0337777991425515,0.019811066842384494,0.09750614079645051,-0.0416546067238662,0.027125173376932824,0.037768754442936495,0.012058342972814726,-0.00898871828657745,0.028376058689818448,-0.012330478121638067,0.036000000000000004
text,train,15,1,11,20,,0,0,0,0,0,0,0,0,0,0,0.975711524914068,insufficient_support,,,,,,,0,,,,,,,,,,,,,,,,,,,,,,,,,,,,,,,,,,,,,,,,,,,,,,,,,
text,train,15,2,21,30,"21,23,25,26,27,28,29,30",8,45,34,404,25,22,302,23,18,102,0.975711524914068,eligible,-23.40960451977401,1.6984265734265727,-25.108031093200584,-49.34214355520543,-1.4838284504834547,12.048498223481115,198,0.49500822374087466,0.10115441028433778,3.2524970315375525,7.693539492789602,6.111111111111111,37.31111111111111,4.298412698412699,0.9555555555555556,0.8,0.0,0.8444444444444444,0.0,0.0,1.3111111111111111,1.1111111111111112,0.15555555555555556,0.06686047508418533,-0.0034664542078908615,0.377361263494836,0.35060333925681014,-0.34776660934996567,0.0334630914394264,-0.08221158015577933,-0.01881140389127798,-0.01653231994468428,-0.013845159020628557,-0.07514497977233565,0.0520721433408746,-0.10482650344169865,-0.016744972475828703,0.4280945266948518,0.4662316904755315,-0.058120927554968484,0.028916895685309012,0.017097635714266597,-0.0014199272756477209,0.13617639985402383,-0.17511709333500425,0.03034946088404514,0.025477417195640513,0.10708708779427381,-0.044268581042269155,0.02340374481567784,0.025676755561172885,0.019402610690342152,-0.009335025562005047,0.030120979807321202,-0.015149170091214878,0.26125
text,train,15,3,31,40,"31,32,33,34,35,36,37,38,39,40",10,101,83,879,61,53,600,53,47,279,0.975711524914068,eligible,-23.68313184595513,23.08424981880864,-46.767381664763775,-67.76835433325382,-17.900987421585377,13.387497189122792,199,0.4718963536458226,0.08143618248856019,2.9773665737739217,7.385815621073511,5.871287128712871,36.18811881188119,4.371735030645922,0.9900990099009901,0.900990099009901,0.0,0.9207920792079208,0.0,0.0,1.1683168316831682,1.0594059405940595,0.07920792079207921,0.04044737591048622,-0.0002496538386377085,0.3969716636462158,0.36639847101683837,-0.3636618659216554,0.042901376666353255,-0.10181634795488188,-0.014208515226065751,-0.018986278018943918,-0.01690193688844949,-0.07675206873947123,0.0574218515064818,-0.10599204471930423,-0.015150229818424595,0.4294476849494849,0.45291638104812815,-0.06053011611262474,0.030150250943799733,0.024212232147209137,-0.008908870891938783,0.14852433649385524,-0.19675438341745974,0.03350817505570979,0.02021796150698797,0.10169623405653452,-0.04105736827002093,0.025614848800212826,0.03576378677017294,0.011992252322665133,-0.009107223238669042,0.03292541590067162,-0.013734178241440407,0.355
text,train,15,4,41,49,"41,42,43,44,45,46,47,48,49",9,146,123,3647,107,95,1635,103,93,2012,0.975711524914068,eligible,-16.31233397518673,21.806399260053155,-38.11873323523988,-59.21343216649882,-12.158467417216144,12.458695438218742,200,0.4966882749614448,0.06972183844333531,2.9819648159790466,7.293049043111286,5.705479452054795,35.636986301369866,4.427022178734507,1.0,0.9657534246575342,0.0,0.9657534246575342,0.0,0.0,1.095890410958904,1.0342465753424657,0.03424657534246575,0.024716402456338427,0.0038825351212833908,0.42089623245176583,0.38630012532721825,-0.3802985224364851,0.052724823439422745,-0.1172447436988494,-0.010319422174802107,-0.02037121434302947,-0.019157820508701875,-0.08172098775376882,0.0609079684622413,-0.10348522165777589,-0.011267247822931651,0.4183685644469701,0.4404257634354615,-0.05767406409551816,0.03016845066768957,0.02739679998070059,-0.01255384766828967,0.15483357795749897,-0.20797614450749524,0.03456125890998613,0.01966667332368208,0.09448816087048151,-0.04131353324328163,0.02706577728822661,0.040423453282900125,0.009666329351589153,-0.009822003520868261,0.026425638447792985,-0.00896972482709575,0.45
