approach,split,cluster,band,cost_low,cost_high,costs,n_costs,contracts,events,trades_total,contracts_Y,events_Y,trades_Y,contracts_N,events_N,trades_N,training_text_coherence,status,delta_yes_pp,delta_no_pp,wedge_pp,ci_low_pp,ci_high_pp,se_pp,bootstrap_valid,mean_price,price_sd,log_trades,log_units,words,characters,mean_word_length,question_mark,threshold,negation,positive_words,negative_words,political_words,capitalized_tokens,number_tokens,punctuation,lsa_00,lsa_01,lsa_02,lsa_03,lsa_04,lsa_05,lsa_06,lsa_07,lsa_08,lsa_09,lsa_10,lsa_11,lsa_12,lsa_13,lsa_14,lsa_15,lsa_16,lsa_17,lsa_18,lsa_19,lsa_20,lsa_21,lsa_22,lsa_23,lsa_24,lsa_25,lsa_26,lsa_27,lsa_28,lsa_29,lsa_30,lsa_31,cost_mean
text_price,test,2,0,1,10,,0,0,0,0,0,0,0,0,0,0,0.6177959893390226,insufficient_coherence,,,,,,,0,,,,,,,,,,,,,,,,,,,,,,,,,,,,,,,,,,,,,,,,,,,,,,,,,
text_price,test,2,1,11,20,20,1,12,10,16,7,5,10,5,5,6,0.6177959893390226,insufficient_coherence,,,,,,,0,0.4281104205461937,0.07660467092730573,3.388634522166129,7.656967765746519,6.5,40.75,5.165891053391053,1.0,0.25,0.0,0.0,0.0,0.0,3.3333333333333335,0.5,0.08333333333333333,0.1041939004693402,0.04902285700767594,0.023560812593199393,0.1743476492950952,-0.011560933136823234,-0.09798395847984932,0.3601913673274994,0.02176152560909038,-0.02672516893806183,0.019773931772976476,-0.07200212951897043,0.1022337852631214,0.03323913123657748,0.006653175337954045,-0.07115758493944273,-0.007809774839308681,0.03876171682939556,-0.041065877280926595,0.03536678084095108,-0.03670769106719031,-0.04484666375386811,0.04943157432951987,0.06393520840789757,0.11267909769479066,0.039844212849399076,0.09615195087381183,0.35262031881617206,0.27996153489496906,-0.1325202262258447,-0.06153423355470591,0.05801211243963358,-0.005992332121198572,0.2
text_price,test,2,2,21,30,"22,25,26,29,30",5,33,30,255,14,14,144,21,20,111,0.6177959893390226,insufficient_coherence,,,,,,,0,0.5399213811592514,0.06198612989800133,3.122583856341515,7.074414351319867,6.757575757575758,39.878787878787875,5.036924439197166,1.0,0.12121212121212122,0.0,0.030303030303030304,0.0,0.0,3.696969696969697,0.30303030303030304,0.12121212121212122,0.09709956644740364,0.02331680309932248,0.04541218281951104,0.14532462491739534,0.0064541340349255644,-0.09061827010037171,0.311652542878543,0.0035195026796004166,-0.003271543484044476,0.006882838339750361,-0.06670796904483928,0.055607409357326255,0.047537817378584306,0.014345790668609765,-0.05094140125989698,-0.02523633291205202,0.009753662894058492,-0.029882471928143563,0.03688060547988345,-0.03288927879833026,-0.05539348576694899,0.04838568096577586,0.07434765856682665,0.056453536875086995,0.013788618145297348,0.08317766670327538,0.38682126183203,0.29442570435943705,-0.13807288917465874,-0.07977557933244694,0.04200354989281665,0.009747456819188144,0.264
text_price,test,2,3,31,40,"31,32,33,34,35,36,40",7,29,26,281,13,13,79,19,18,202,0.6177959893390226,insufficient_coherence,,,,,,,0,0.5205583616595644,0.061818301137259044,3.3380024725515827,7.196228412332665,6.793103448275862,39.310344827586206,4.930060456784595,1.0,0.06896551724137931,0.0,0.034482758620689655,0.0,0.0,3.896551724137931,0.2413793103448276,0.1724137931034483,0.07101621475330187,0.016850928101424217,0.04321916283866421,0.14438558809736404,0.004121962360770406,-0.09032810173162488,0.3169567679398255,-0.003812401501163197,0.026514972289315677,0.012161858432047836,-0.04515586884691352,0.0757527491807292,0.03713155147587089,0.007115215787067236,-0.06064614278534952,-0.026680412440692254,0.008747943429196416,-0.03531789821861997,0.04372602815024805,-0.03449596887059416,-0.04914045241727184,0.0366961106220085,0.07291961793637389,0.06096721023100041,0.012046299563551102,0.09514168008246908,0.38688022209247186,0.29354953152604824,-0.13898931846804882,-0.07476059754083204,0.06457305371206616,-0.007679235626247709,0.3442857142857143
text_price,test,2,4,41,49,"41,42,43,45,47",5,21,19,216,13,12,89,13,12,127,0.6177959893390226,insufficient_coherence,,,,,,,0,0.5033107503148275,0.07392129525956721,3.403563229527182,7.193658629169503,7.285714285714286,42.04761904761905,4.917123617123617,1.0,0.14285714285714285,0.0,0.0,0.0,0.0,3.857142857142857,0.47619047619047616,0.23809523809523808,0.09837350922155437,0.02331564752519777,0.01805928532146441,0.1363341446276812,-0.011351622713256756,-0.07329384431584095,0.2610537856617947,0.017535335358713704,-0.012823501000352889,-0.009477579673938181,-0.05295790226038316,0.060592316196769636,0.024872914352617598,-0.007251613664835961,-0.02481049150747694,0.011193200091368606,-0.003180688546154233,-0.015782767048349983,0.026861606353665815,-0.031000042585857694,-0.0682913144308315,0.08005478030524128,0.08720694764459355,0.07178351352931275,0.02598681639938391,0.08909755151546656,0.43110007641777703,0.3218727424854122,-0.16209647982381598,-0.09570263395889042,0.024724879530157097,0.014915618147357777,0.436
text_price,test,3,0,1,10,"1,3,4,5,6,7,8,9,10",9,57,47,856,33,29,589,25,25,267,0.8620615815949342,eligible,-4.516128451547471,-2.344827586206897,-2.171300865340574,-13.317320045213918,3.846977939641376,3.973153364356778,198,0.3841491033800744,0.0537213379001253,3.213693250583032,7.404715999034685,10.070175438596491,58.29824561403509,4.457316786577117,1.0,0.21052631578947367,0.0,0.017543859649122806,0.0,0.0,3.7017543859649122,1.2280701754385965,0.22807017543859648,0.14276423145863687,-0.00400297131247155,0.14848764701379838,0.0390474814342642,0.041117773103463,-0.07592834324462291,0.23612790035938405,-0.17249715495367954,0.31232580447944874,0.06092990076891225,0.1579720680132195,0.06503027636781054,-0.09960462613042512,-0.035220619458163044,0.00041848843980639536,0.04426718704095213,-0.014815841666667509,0.014307549488005993,-0.03240586944168851,0.05890796256293713,-0.05235465972027934,0.11449141273462438,0.027884500393488665,-0.07577367749627315,0.18642933341654735,0.030344757913093347,0.04356537637813221,0.0006146991557337171,0.02387347244451591,0.025774775475873042,0.5423014389491193,-0.2451376485922146,0.05888888888888889
text_price,test,3,1,11,20,"11,12,13,14,15,16,17,18,19,20",10,74,66,1662,44,39,1043,31,31,619,0.8620615815949342,eligible,-7.688275427639213,-4.484397677793904,-3.203877749845309,-16.335506596967626,13.251029251942771,7.7391919970891365,200,0.4306643097931242,0.040805923536319316,3.4824606908804645,7.622515895756791,8.067567567567568,47.04054054054054,4.735472767250261,1.0,0.0945945945945946,0.013513513513513514,0.013513513513513514,0.0,0.0,3.5135135135135136,0.7702702702702703,0.22972972972972974,0.08940512103527885,-0.002699553302587167,0.15639616829241837,0.06464070984477416,0.032692145107760556,-0.0670012060456684,0.26351484674782677,-0.18510866260103295,0.35507575420255616,0.07624478188671042,0.2099847748659771,0.14272342278258998,-0.14461639191392833,-0.043453456896586216,-0.0668769477106118,-0.012496880403579571,-0.0217094659565387,0.00428292287263246,-0.016511238913392304,0.01841200108646943,-0.016770947987134178,0.06744867321391529,0.018520460928451797,-0.027183888246255797,0.11875845929932992,0.05030011790184857,0.025608640148427442,0.009159905854537317,0.02566247296906731,0.06941917272382521,0.4938912596073345,-0.26971102307210915,0.155
text_price,test,3,2,21,30,"21,22,23,24,25,26,27,28,29,30",10,110,101,3006,59,58,2230,56,55,776,0.8620615815949342,eligible,9.418217432176156,13.169666402585573,-3.751448970409416,-23.9092178968783,19.465303889226252,11.643174165018367,198,0.477687753994505,0.04193945375538353,3.424993998281534,7.480604190878831,6.7,38.91818181818182,4.8460245068940715,1.0,0.02727272727272727,0.00909090909090909,0.00909090909090909,0.0,0.0,3.1454545454545455,0.34545454545454546,0.10909090909090909,0.07571732375324207,-0.008872999207259816,0.16251891438923813,0.09272296086941782,0.039612344784205666,-0.05050714863062982,0.2733988541770002,-0.20107326991514557,0.39295622582280954,0.08195070092828538,0.22375916717397312,0.16610983730491577,-0.14738257257181606,-0.040535793679249726,-0.09570915977324174,-0.03327338105092274,-0.02361997093244836,0.0003477056468333136,-0.006611728133155351,0.0026337486071553303,-0.014504306061187293,0.058500960939764014,0.015124656424541876,-0.025691592133795,0.10280687343177532,0.059028859040693854,0.010039559195394716,0.015238359084385486,0.02743350056288768,0.08655810827936888,0.4714002349051596,-0.2834003104328919,0.255
text_price,test,3,3,31,40,"31,32,33,34,35,36,37,38,39,40",10,140,129,2310,72,72,981,79,79,1329,0.8620615815949342,eligible,-6.7829618158575435,-4.30856805770698,-2.474393758150564,-20.804581370205693,16.712755508076373,9.28197146869277,200,0.49487659511257015,0.03784539840704928,3.298809038486692,7.175698693232255,5.921428571428572,35.392857142857146,5.065053854875283,1.0,0.014285714285714285,0.007142857142857143,0.014285714285714285,0.0,0.0,2.9214285714285713,0.25,0.12857142857142856,0.05924356731053113,-0.009285110699850071,0.14265838168014697,0.09534140382388202,0.02617011114662589,-0.05322171653425303,0.3030206929126151,-0.2105755911413091,0.4210160113522982,0.09029990851712402,0.24277331560139523,0.21248822257018252,-0.1791190088275573,-0.045169036943432044,-0.11467673512251098,-0.018627954607746938,-0.02663109135930701,-0.005339719815593649,0.008545753487108319,-0.01657143368080362,0.010254953283017107,0.024564238203990015,0.010386196631845021,-0.007454376211171357,0.06505748903206075,0.05594662614198424,0.007835685317878307,0.019148334638239076,0.03469370367977273,0.0973586991493008,0.4454726000978413,-0.27963801473430433,0.355
text_price,test,3,4,41,49,"41,42,43,44,45,46,47,48,49",9,148,140,3609,94,92,1978,96,93,1631,0.8620615815949342,eligible,10.687019453851033,-1.743094797916658,12.43011425176769,-17.25368802184525,33.412824684950365,13.387587907418412,200,0.5024727706021229,0.03652281532074672,3.1718077502614674,6.835364292119859,5.581081081081081,33.91216216216216,5.210601466851467,1.0,0.006756756756756757,0.0,0.006756756756756757,0.0,0.0,2.8175675675675675,0.16891891891891891,0.08783783783783784,0.04709297231406328,-0.005601953161057473,0.14767436353718782,0.09813939255140976,0.03232306883802721,-0.04805486456806473,0.31504880656148015,-0.20715659116802876,0.42211582907454664,0.09389080538453957,0.24322889909865536,0.23476205348471083,-0.1876089494550478,-0.04444794115265331,-0.13166797108197295,-0.013842249520973855,-0.025166328648568704,-0.008629284348980942,0.019307000695279988,-0.024857722132544696,0.01959125939434959,0.008831312092909636,0.007245201616898801,0.0030299278454357648,0.05131928927941932,0.05056800944049897,0.004432928380363093,0.023517519802308054,0.04280415157449909,0.10598080879184406,0.4403146713549068,-0.279910537315493,0.45
text_price,test,4,0,1,10,,0,0,0,0,0,0,0,0,0,0,0.7107616399046447,insufficient_support,,,,,,,0,,,,,,,,,,,,,,,,,,,,,,,,,,,,,,,,,,,,,,,,,,,,,,,,,
text_price,test,4,1,11,20,,0,0,0,0,0,0,0,0,0,0,0.7107616399046447,insufficient_support,,,,,,,0,,,,,,,,,,,,,,,,,,,,,,,,,,,,,,,,,,,,,,,,,,,,,,,,,
text_price,test,5,0,1,10,,0,0,0,0,0,0,0,0,0,0,0.8762292555141128,insufficient_support,,,,,,,0,,,,,,,,,,,,,,,,,,,,,,,,,,,,,,,,,,,,,,,,,,,,,,,,,
text_price,test,5,1,11,20,,0,0,0,0,0,0,0,0,0,0,0.8762292555141128,insufficient_support,,,,,,,0,,,,,,,,,,,,,,,,,,,,,,,,,,,,,,,,,,,,,,,,,,,,,,,,,
text_price,test,5,2,21,30,,0,0,0,0,0,0,0,0,0,0,0.8762292555141128,insufficient_support,,,,,,,0,,,,,,,,,,,,,,,,,,,,,,,,,,,,,,,,,,,,,,,,,,,,,,,,,
text_price,test,5,3,31,40,,0,0,0,0,0,0,0,0,0,0,0.8762292555141128,insufficient_support,,,,,,,0,,,,,,,,,,,,,,,,,,,,,,,,,,,,,,,,,,,,,,,,,,,,,,,,,
text_price,test,5,4,41,49,,0,0,0,0,0,0,0,0,0,0,0.8762292555141128,insufficient_support,,,,,,,0,,,,,,,,,,,,,,,,,,,,,,,,,,,,,,,,,,,,,,,,,,,,,,,,,
text_price,test,6,0,1,10,1,1,14,9,423,9,5,403,5,5,20,0.9321300034940784,insufficient_support,,,,,,,0,0.4520733303299257,0.13727254492903831,3.5045400082136835,7.903328251787403,12.857142857142858,76.5,4.697754329004328,1.0,0.21428571428571427,0.0,0.0,0.0,0.2857142857142857,4.928571428571429,0.8571428571428571,0.07142857142857142,0.22241665142911776,-0.04625592418492016,0.1552150237375511,0.038300186914867376,0.09592399221729155,-0.08472454124009599,0.222021521184506,-0.16477114393814787,0.2792190996667913,0.024735087108899743,0.03287168587659295,-0.27368514031402713,0.22420966018282312,0.033255532979573454,0.10378877005514055,0.07016091316411088,-0.03528688256289477,0.02179204381225194,-0.07459917633933985,0.052827733517288915,-0.06848347077126246,0.12259267574463116,0.03663549602148706,-0.34505315771987216,0.46208499612036,-0.004551705702042675,-0.0693269865832413,0.026560461451065935,-0.06292926451009195,-0.048023711262254486,-0.05076464409118818,0.022299800585504213,0.01
text_price,test,6,1,11,20,"17,19",2,14,11,73,6,6,51,8,7,22,0.9321300034940784,insufficient_support,,,,,,,0,0.4970059201630828,0.09741099845410588,3.4915061751811645,7.427742573455414,12.642857142857142,77.85714285714286,4.89950912183055,1.0,0.14285714285714285,0.0,0.0,0.0,0.14285714285714285,4.571428571428571,0.8571428571428571,0.21428571428571427,0.1550032652475785,-0.01764512229415375,0.09942373759718415,0.03649950869056768,0.07378574052583417,-0.07547100311042687,0.19719724368773428,-0.13912360817835465,0.2738798398154172,0.024520231641198553,0.026887752086612128,-0.31594601275796813,0.23905465331981943,0.060407049332518566,0.09092074289487598,0.06355692188524814,-0.015666431550930695,0.04150626050957945,-0.07963103383999781,0.04771149898667162,-0.06632242163778854,0.10169109130838257,0.021348387875406223,-0.41038968954847066,0.5211090894392177,-0.01221870141097404,-0.0843734925599199,0.03434468137475458,-0.06332217134968342,-0.042985715044954145,-0.1330319860836528,0.04269760259199783,0.18
text_price,test,6,2,21,30,"21,23,25,29,30",5,33,23,419,19,14,310,17,14,109,0.9321300034940784,insufficient_support,,,,,,,0,0.4569356321146236,0.10102247444009566,3.0790534329598254,6.875295932129077,11.333333333333334,69.36363636363636,4.923315951725042,1.0,0.09090909090909091,0.0,0.0,0.0,0.12121212121212122,4.212121212121212,0.6666666666666666,0.15151515151515152,0.20540646026725184,-0.03730810167088668,0.10153192419536616,0.04495381965537854,0.08972716090295414,-0.07193529413183453,0.2266308261771928,-0.15473279224318692,0.2853001509689912,0.024102829681442593,0.024590419469024516,-0.27402500659822043,0.21136519075136734,0.048737147782507394,0.09102749914763952,0.03819759930467711,-0.012137425831346107,0.029389345929517686,-0.07571546345217037,0.03708647306652976,-0.0767930659149218,0.11530152755509943,0.021335944954985638,-0.39708864203816796,0.4907826358091922,0.0040355107910100985,-0.08951769540552913,0.03138689445135656,-0.06783384053230038,-0.0363072515383014,-0.1668023354121929,0.05331395298885085,0.256
text_price,test,6,3,31,40,"31,32,33,34,35,36,37,38,39,40",10,41,33,839,25,21,473,25,21,366,0.9321300034940784,eligible,35.77038934555672,-15.683649375617614,51.454038721174335,-42.372628921770364,84.39508657033893,40.99424894128785,198,0.49042747189143365,0.08291694633033304,3.0942924021421736,6.730752079673574,10.682926829268293,67.34146341463415,4.9986855624050754,0.975609756097561,0.07317073170731707,0.0,0.0,0.0,0.07317073170731707,4.097560975609756,0.8780487804878049,0.24390243902439024,0.22012108709051595,-0.028322197750129688,0.08455301114287432,0.041963436674215954,0.07640023190559253,-0.07379232882663822,0.21620210234998694,-0.16352464036326028,0.2926637208020092,0.01598746262859157,0.003648603449734075,-0.25590546956446175,0.2058997253450928,0.052370047765328075,0.1106989193346453,0.04038843142389009,-0.015837835047197286,0.03157301899968037,-0.07643548238463099,0.03964567771407135,-0.07200640245339521,0.10813721666640494,0.025523634207355747,-0.37883837386585545,0.4678363691749427,-0.0006104900506482439,-0.09002243028782417,0.03278302280500289,-0.058395553635546965,-0.037197532286137217,-0.15758201594886587,0.059284632232939484,0.355
text_price,test,6,4,41,49,"41,42,43,44,45,46,47,48,49",9,32,29,1018,30,27,453,20,19,565,0.9321300034940784,eligible,19.428677450765804,-28.75006788013583,48.17874533090164,-59.611220667710796,80.70505504897241,44.411946927497404,199,0.4755123339247471,0.08266531191566959,3.10205440958207,6.710964197491614,10.6875,67.65625,4.973351778429904,0.96875,0.0625,0.0,0.0,0.0,0.09375,3.9375,0.96875,0.3125,0.2516942967892277,-0.04047263790719037,0.08686326637870775,0.04919823922278671,0.08313238998918684,-0.08622836618373808,0.22851740818143595,-0.16774689076090615,0.3032315600573391,0.02240982733087022,0.014627781096136055,-0.25083707713190506,0.1874203411750695,0.04860728254468201,0.10985769487196265,0.03771590801845426,-0.006613128695206641,0.03229455844223822,-0.07676776389410661,0.04377024187494973,-0.08294612817879443,0.11865625360325929,0.02140698499554508,-0.3639724674449337,0.458913078081531,-0.007005687400180257,-0.07827653684833558,0.03560824589351276,-0.054429036557971,-0.03867226960925055,-0.1493383235021496,0.06505401008355344,0.45
text_price,test,8,0,1,10,"1,2",2,20,16,80,10,8,46,10,9,34,0.8254644519686776,insufficient_support,,,,,,,0,0.4480419650103949,0.05545907797252144,2.9544274675826054,7.024269274256507,9.85,62.35,4.348259240759241,1.0,0.55,0.0,0.0,0.0,0.1,2.4,1.85,0.35,0.3233357801854125,0.05796352012938623,0.07633609287228607,0.17750480874423766,0.041323572178470325,-0.06368187418190142,0.2054371148642186,-0.09381386178526965,0.10295703847583519,0.02171930104623295,-0.033513449943390214,-0.0327755374222907,0.008962546287927284,-0.017620071714645504,0.20550488933002117,0.2434587150147597,0.01863496052671088,0.00301274440864561,-0.048963771348339666,0.11949067109474676,-0.18913481703978835,0.36868141990574965,0.009552501539876083,-0.01878615483307181,0.05058431351101465,0.006910904645228528,0.04734939931118791,-0.06762751603792108,-0.0011973493386859095,-0.031285969469373995,0.12782509292229813,0.00043289800296433394,0.015
text_price,test,8,1,11,20,"13,15,17,18",4,26,26,180,16,16,128,10,10,52,0.8254644519686776,insufficient_support,,,,,,,0,0.42363901656594793,0.07774678471748836,3.14869698777392,7.2788199253713275,9.461538461538462,63.23076923076923,4.629911861642631,1.0,0.5769230769230769,0.0,0.15384615384615385,0.0,0.07692307692307693,2.4615384615384617,2.1153846153846154,0.5769230769230769,0.2933222953208635,0.04081792461689059,0.05450024816150796,0.1911574108141892,0.024224285018167296,-0.068621998868199,0.2384060015519254,-0.10002965534942984,0.060106113755502996,0.012966225704430913,-0.12416916496825012,0.01335867302047508,0.016835933005892523,-0.005909506768083671,0.23007464065871017,0.26005410419384406,0.011911829443157175,-0.010592413220124015,-0.02588365392780064,0.08722483761106226,-0.2649898024138006,0.4185527173188399,-0.07624878001253844,-0.026425104557387072,-0.05238190905903324,0.02284520017953378,-0.03644224849577416,-0.07034206284191027,-0.023209378833603675,-0.006852684453331785,0.05122119341064399,-0.01879079018253996,0.1575
text_price,test,8,2,21,30,"21,22,30",3,28,27,271,18,18,245,11,10,26,0.8254644519686776,insufficient_support,,,,,,,0,0.4553394482068991,0.07206601104105163,3.314164080576344,7.26693986359812,10.214285714285714,65.89285714285714,4.466790694437297,1.0,0.6428571428571429,0.0,0.21428571428571427,0.0,0.07142857142857142,2.2857142857142856,2.0714285714285716,0.42857142857142855,0.30464041820537474,0.051680774053086055,0.029592598799798527,0.2240504172849174,0.03465307944891992,-0.08140573094837374,0.26250655502645553,-0.08958253408777216,0.06490345118792318,0.005950398224192954,-0.14511910827021118,0.017644407545758224,0.033591207620640155,0.006103277966433216,0.2457636402447839,0.25080364333545835,0.010946803873400674,-0.028919412213174074,-0.01938289996373113,0.0828850540688928,-0.29089861324461647,0.43835918029745785,-0.09471317614583377,-0.03759360126728589,-0.09353005500067194,0.023856185961359046,-0.048647954938541446,-0.0614182753855335,-0.054111402281884755,-0.014797331147495249,0.024165696158870188,0.008328294911215289,0.24333333333333332
text_price,test,8,3,31,40,"34,36,37,38,39,40",6,29,29,203,21,21,140,10,10,63,0.8254644519686776,insufficient_support,,,,,,,0,0.43144966730803963,0.0814432335677859,3.4172110144431675,7.343034258247245,9.551724137931034,59.48275862068966,4.3613974204745,1.0,0.4827586206896552,0.0,0.1724137931034483,0.0,0.06896551724137931,2.2758620689655173,1.8620689655172413,0.41379310344827586,0.3185992763085358,0.06190799919057137,0.049048552011189996,0.19335411360150181,0.041932189958845754,-0.0876513301701341,0.24252795676163225,-0.09806850244554594,0.08741357354611698,0.006661437870223087,-0.12263445539240941,-0.0008829320074807445,0.025309531963853944,0.0074848282468259406,0.24043392405104896,0.23366717732098813,0.013566557076220643,-0.020562897691219315,-0.04304366009495712,0.09196882370920477,-0.2546701346684259,0.40883720370755,-0.08059886716696205,-0.03405013877845775,-0.03321436521441291,9.948458400716568e-05,-0.027454991136102988,-0.09057098835472872,-0.041020974510654395,-0.01750224931616627,0.047423895491817886,0.012965061558678161,0.37333333333333335
text_price,test,8,4,41,49,"41,42,43,44,45,46,47,48,49",9,30,30,341,22,22,238,16,16,103,0.8254644519686776,insufficient_support,,,,,,,0,0.45172106012653984,0.07108659051197973,3.01414630462447,6.675704839425218,9.966666666666667,64.76666666666667,4.453792509233685,1.0,0.5333333333333333,0.0,0.23333333333333334,0.0,0.03333333333333333,2.1666666666666665,2.2333333333333334,0.6333333333333333,0.3257577702261376,0.07397794287136784,0.0034237905895246486,0.21935632787971124,0.0304821430876433,-0.10278616214606151,0.28735129514302876,-0.07056657430822974,0.044456134839492206,0.01325621032465877,-0.12234440262170952,0.00959657291572004,0.023542616386865292,0.009311575699155871,0.2330605063708419,0.2446252873670984,0.013500335867642833,-0.020389638596656292,-0.03480157376678718,0.08241541874081947,-0.29894502372887977,0.43873299002470395,-0.09208179105950451,-0.01980276249759855,-0.07016050807164215,0.004840694892104746,-0.03884704234837834,-0.10625900149407941,-0.04735807186526931,-0.01685615164678914,-0.00036883442224042715,0.014986927170815893,0.45
text_price,test,9,0,1,10,"1,8",2,23,19,57,15,13,44,8,6,13,0.9877014570628516,insufficient_support,,,,,,,0,0.4061492417072571,0.12624854299856558,3.3188194073491992,7.874017335057395,5.478260869565218,36.52173913043478,4.794755003450657,1.0,0.9565217391304348,0.0,0.9565217391304348,0.0,0.043478260869565216,1.4782608695652173,1.0434782608695652,0.043478260869565216,0.03129945639576254,-0.0013565428472377837,0.43048986043475246,0.3956965054034022,-0.3854864333557349,0.05626037750778557,-0.10860448081789058,-0.012848890719409254,-0.013244114932854139,-0.01885013935845018,-0.08356544963316627,0.06594489733327934,-0.10088220014338498,-0.007253398363346778,0.41292115818513964,0.4311027633223382,-0.05761153908908535,0.03206381263233919,0.033721101391725766,-0.012303582113178084,0.14718831162477952,-0.20712227984541445,0.030122482583625647,0.016976055484310703,0.08960837497081517,-0.04142709133580387,0.02243867841223952,0.04258603184728714,0.0007204864061771661,-0.011182599316955711,0.028439822986171027,-0.0024989113263654905,0.045
text_price,test,9,1,11,20,"11,16,17,18,19,20",6,82,59,324,57,47,234,29,20,90,0.9877014570628516,eligible,2.4742803137943787,3.0277777777777777,-0.5534974639833986,-22.191387743904425,17.853248423926036,10.294932495139747,199,0.39178042320454703,0.09876057349829279,3.122725103670696,7.690486676678859,5.524390243902439,35.24390243902439,4.552826171118855,1.0,0.9634146341463414,0.0,0.9634146341463414,0.0,0.012195121951219513,1.524390243902439,1.0365853658536586,0.036585365853658534,0.030886329864198748,0.004666670628240595,0.4341456934155192,0.39925393281407107,-0.38509500689117077,0.05427849653276437,-0.10016002095731012,-0.012020526639098195,-0.01617037071292292,-0.01933501488165908,-0.09302316666404495,0.06844581365656385,-0.09677000870090524,-0.007036503898494258,0.40771336952385034,0.4190926790094907,-0.05470582299593517,0.028368328822686497,0.03222770726074225,-0.013822964239906704,0.15265475069160697,-0.2087378750064257,0.033094493653516306,0.016561148012580528,0.09271360588368247,-0.040192777675947346,0.023683037210463335,0.043515316138029385,0.006032891802214741,-0.007706896246881335,0.02753314412839548,-0.006090198773817988,0.16833333333333333
text_price,test,9,2,21,30,"21,22,23,24,25,26,27,28,29,30",10,104,68,507,67,46,274,50,40,233,0.9877014570628516,eligible,3.957026370819474,-4.921691483610989,8.878717854430462,-11.39801800983645,28.164318064880057,9.772426346461646,198,0.437289618055361,0.09477006314872315,3.2261984588961563,7.745099724209254,5.509615384615385,35.15384615384615,4.57214590964591,1.0,0.9519230769230769,0.0,0.9615384615384616,0.0,0.009615384615384616,1.5192307692307692,1.0288461538461537,0.038461538461538464,0.030169694064114475,0.005190743662805744,0.4302841523300992,0.39498664489522556,-0.3814914008725784,0.055216606059464775,-0.10579903865284128,-0.013390263492080761,-0.011328975923266685,-0.01997307317812477,-0.09267179693852935,0.06771953176208506,-0.09847286864786325,-0.005809358569131959,0.4110862657243082,0.42017718236828167,-0.054713706083130795,0.02911326413503666,0.03143517617430833,-0.014078452761246373,0.15150544459997128,-0.2083198122853263,0.034241846567185305,0.01403771935777693,0.09282301580391711,-0.03903405243997275,0.023524773209888848,0.04521817962008697,0.006336189429040495,-0.007195491986369253,0.031590354790161486,-0.00825870239793422,0.255
text_price,test,9,3,31,40,"31,32,33,34,35,36,37,38,39,40",10,111,79,862,84,63,557,50,40,305,0.9877014570628516,eligible,3.4660711470477557,-0.9482076686591633,4.414278815706919,-20.18617660404324,30.33140605003493,12.269545944248916,200,0.4479764068591223,0.0820487502118317,3.2875951833661916,7.74004304862627,5.423423423423423,34.306306306306304,4.544187044187044,1.0,0.972972972972973,0.0,0.9819819819819819,0.0,0.0,1.4324324324324325,1.009009009009009,0.018018018018018018,0.02137694289976375,0.005603854068697875,0.4329504180038882,0.3980247740547533,-0.38599043447287257,0.057586036844146975,-0.11207589779468007,-0.010523119437901783,-0.014056011232368791,-0.020378483900226965,-0.09152582988257195,0.06843889252875139,-0.09938301216580461,-0.005205632418604767,0.4116492752821459,0.4195275184311854,-0.05572416053993694,0.029143306518506655,0.03235216184424143,-0.0167927253551186,0.15594032661727136,-0.21609889848791522,0.03563095374041471,0.011723141663168958,0.08942982049902687,-0.038494858125085435,0.02543806161318537,0.046414185415393154,0.005961567136284452,-0.007556906400482877,0.029519684773420006,-0.007828544664825769,0.355
text_price,test,9,4,41,49,"41,42,43,44,45,46,47,48,49",9,118,85,4802,96,73,2376,83,63,2426,0.9877014570628516,eligible,1.9086305377378623,-6.627109911426212,8.535740449164074,-19.37035882431954,36.647473521465805,14.515115550201994,200,0.46004007025703675,0.0781360609757137,3.514297379596552,7.959724044954908,5.389830508474576,34.07627118644068,4.548224374495562,1.0,0.9830508474576272,0.0,0.9915254237288136,0.0,0.0,1.3983050847457628,1.0,0.00847457627118644,0.017954094361101534,0.0041766906340366455,0.434874677267517,0.3995971360999755,-0.38882625741290455,0.05741505658409693,-0.11398548121342959,-0.008606693167217322,-0.016933387703884122,-0.02073552690986889,-0.08990129381250116,0.06805619247356832,-0.1006772633127225,-0.005955315529780161,0.4103388876390794,0.4221141317149292,-0.05610983583308688,0.028895303307034843,0.03356385738464386,-0.01737283898513346,0.15720777678866654,-0.2176166655921929,0.03638659581970616,0.014379859880390592,0.09091200259012716,-0.039356717744342316,0.025489631652845023,0.04770407627016375,0.0061095961529323605,-0.007010145087311273,0.030492788657089417,-0.005986904639411016,0.45
text_price,test,10,0,1,10,,0,0,0,0,0,0,0,0,0,0,0.7113753978759086,insufficient_support,,,,,,,0,,,,,,,,,,,,,,,,,,,,,,,,,,,,,,,,,,,,,,,,,,,,,,,,,
text_price,test,10,1,11,20,,0,0,0,0,0,0,0,0,0,0,0.7113753978759086,insufficient_support,,,,,,,0,,,,,,,,,,,,,,,,,,,,,,,,,,,,,,,,,,,,,,,,,,,,,,,,,
text_price,test,10,2,21,30,,0,0,0,0,0,0,0,0,0,0,0.7113753978759086,insufficient_support,,,,,,,0,,,,,,,,,,,,,,,,,,,,,,,,,,,,,,,,,,,,,,,,,,,,,,,,,
text_price,test,10,3,31,40,,0,0,0,0,0,0,0,0,0,0,0.7113753978759086,insufficient_support,,,,,,,0,,,,,,,,,,,,,,,,,,,,,,,,,,,,,,,,,,,,,,,,,,,,,,,,,
text_price,test,10,4,41,49,,0,0,0,0,0,0,0,0,0,0,0.7113753978759086,insufficient_support,,,,,,,0,,,,,,,,,,,,,,,,,,,,,,,,,,,,,,,,,,,,,,,,,,,,,,,,,
text_price,test,11,0,1,10,,0,0,0,0,0,0,0,0,0,0,0.9169754807666984,insufficient_support,,,,,,,0,,,,,,,,,,,,,,,,,,,,,,,,,,,,,,,,,,,,,,,,,,,,,,,,,
text_price,test,11,1,11,20,,0,0,0,0,0,0,0,0,0,0,0.9169754807666984,insufficient_support,,,,,,,0,,,,,,,,,,,,,,,,,,,,,,,,,,,,,,,,,,,,,,,,,,,,,,,,,
text_price,test,11,2,21,30,,0,0,0,0,0,0,0,0,0,0,0.9169754807666984,insufficient_support,,,,,,,0,,,,,,,,,,,,,,,,,,,,,,,,,,,,,,,,,,,,,,,,,,,,,,,,,
text_price,test,11,3,31,40,,0,0,0,0,0,0,0,0,0,0,0.9169754807666984,insufficient_support,,,,,,,0,,,,,,,,,,,,,,,,,,,,,,,,,,,,,,,,,,,,,,,,,,,,,,,,,
text_price,test,11,4,41,49,"42,44,45,46,47,48,49",7,38,33,797,33,32,530,23,19,267,0.9169754807666984,eligible,14.575012254514489,-31.70145382567743,46.276466080191916,-5.779894714339121,73.13749601058375,21.101863756944,197,0.48543342878566914,0.05248921731539304,2.9229375134005497,7.447688223739557,7.684210526315789,47.5,5.034012113617376,0.8947368421052632,0.0,0.0,0.0,0.0,0.0,5.684210526315789,0.0,1.0526315789473684,0.018654241794584317,0.018270863109204855,0.6550862331096087,0.47392864271484325,-0.28583281337485356,0.09422805443108774,-0.1677492438530815,0.0020024089058693407,0.036909100165291336,0.0015538735489708316,0.06594413045275989,-0.052306378999090956,0.05010487008513315,0.0223789924310962,-0.3117012715915188,-0.26633673145866427,0.05646841837702837,-0.004518163695889523,-0.0367373806497335,0.024233661720071277,-0.1024064666961732,0.14227892782508667,-0.021534167224287453,-0.00013544328697255386,-0.07131937961431604,0.024270858694741715,-0.018279455262554076,-0.015018201033476859,-0.018188538449492874,0.0011774893282829261,-0.03729337997054033,0.01816217253383263,0.4585714285714285
text_price,test,12,0,1,10,9,1,10,9,25,5,5,18,5,4,7,0.8922767828922825,insufficient_support,,,,,,,0,0.49330588215432103,0.1417777906170132,2.715087968809547,6.693593968526382,5.6,35.7,3.685454545454546,1.0,0.1,0.0,0.0,0.0,0.0,1.9,1.9,0.9,0.3544983838728535,0.5844624785989606,-0.20900833158845783,0.28642337883877544,0.07227588199990223,-0.010019990657470723,-0.01288396968514629,0.005211503182125345,-0.06467054094692963,0.04266116295800906,0.1186031552751243,-0.051912627859355284,-0.016342266739395494,-0.029700820278003366,-0.08006344842192437,0.11957054416879176,0.026076055120039927,0.003469330201313086,-0.09213311663518683,0.07025529195557083,-0.020021758054866553,0.09815002231539773,0.03159323221929433,0.22807661110986074,0.15407652568074978,-0.08528540779753276,0.05648603189685242,-0.023423766675921685,0.20350001859590963,0.06172852176915613,-0.12645257101498059,-0.06127138272235767,0.09
text_price,test,12,1,11,20,11,1,10,10,28,5,5,17,5,5,11,0.8922767828922825,insufficient_support,,,,,,,0,0.4795621064402186,0.13125192310489223,3.260243772232099,7.275911454373369,6.2,38.9,3.770909090909091,1.0,0.2,0.0,0.0,0.0,0.0,1.8,1.8,0.8,0.3908639125843135,0.59736435558215,-0.2498581589926523,0.3689617745019719,0.12149545484322569,0.007727777231850569,-0.019757301304682305,-0.026527304722981083,-0.02058750154863973,0.018281765621961134,0.052789697200524996,-0.03877106467912984,0.0028121683324115205,-0.012176189627441993,-0.023176299737912198,0.054273180887466674,0.009831941738208807,0.01595511259448885,-0.06103455181266506,0.05088955456962052,-0.013345920619281249,0.059929219721113335,0.007645436377462828,0.07344012037196018,0.07845858760129792,-0.08326421415657595,0.07906840416146804,-0.008557769482417595,0.1640766907321824,0.02152582534642213,-0.10499052030145675,-0.07245516790663518,0.11
text_price,test,12,2,21,30,"24,26,28,30",4,30,26,155,18,17,121,16,14,34,0.8922767828922825,insufficient_support,,,,,,,0,0.4635027661376314,0.14199230852438358,2.690947197680612,6.612200352224411,5.2,33.666666666666664,3.628484848484847,1.0,0.03333333333333333,0.0,0.0,0.0,0.0,1.9666666666666666,1.9666666666666666,0.9666666666666667,0.3704387802042052,0.6114558247898081,-0.21668408669791664,0.29699753059416406,0.08778817296244266,0.0031178934212914293,-0.03187748008553542,-0.007131457331399058,-0.04360871735031532,0.034291313335936505,0.07365384087042064,-0.026648233090698983,-0.009461446530147575,-0.020833328840589072,-0.05088643973473931,0.07253135343208948,0.02732307869715995,0.011250562491366644,-0.08032165435499815,0.054833226000470026,-0.003083431098969115,0.07842838109542277,0.0199043186049147,0.18229542590206788,0.08949413152676938,-0.09236042321929513,0.08206263707626252,-0.03486913646295251,0.21399179715380928,0.04893664027969506,-0.1310730762826562,-0.10040153817017518,0.27
text_price,test,12,3,31,40,"33,34,35,36,38,39",6,35,31,214,22,22,155,21,19,59,0.8922767828922825,eligible,-17.85894660894661,2.61204481792717,-20.47099142687378,-53.08655294734138,42.589745131411796,22.41458582355799,198,0.48377175206088036,0.12612964871360724,2.5551122908274757,6.396375325034215,5.257142857142857,34.371428571428574,3.674891774891775,1.0,0.05714285714285714,0.0,0.0,0.0,0.0,1.9142857142857144,2.0285714285714285,0.9428571428571428,0.38205312295199534,0.6001059203360055,-0.20992036952003518,0.30068158364365655,0.09633533317044372,-0.0006005053863250046,-0.025905117845318862,-0.008143006766052334,-0.03340191826574327,0.033505752946380196,0.06469844279255578,-0.024557910076441782,-0.007139096837667264,-0.01602281741786981,-0.0422743326059843,0.06754719562415364,0.029774784837470935,0.010173827501604556,-0.07913029124065277,0.05490712750767205,-0.009436479948773642,0.07918554455625053,0.016409404405975447,0.1614701298521185,0.08174471520839603,-0.09098538079046882,0.08244944133221212,-0.021396550227607048,0.18922011855957604,0.04060549323639851,-0.11071860913054321,-0.08480742180035185,0.35833333333333334
text_price,test,12,4,41,49,42,1,10,10,18,5,5,10,5,5,8,0.8922767828922825,insufficient_support,,,,,,,0,0.48516515838298957,0.15934653509333024,3.0353145924381164,7.189810378314837,5.6,35.9,3.685454545454546,1.0,0.1,0.0,0.0,0.0,0.0,1.9,1.9,0.9,0.35574087077832806,0.5789095379195643,-0.2046330380692818,0.2833465769348317,0.073608316421302,-0.005758543757071503,-0.008253445951202129,0.008776041621758084,-0.07678035364085281,0.04857458617137338,0.12431408684267953,-0.04927270011527124,-0.013164603296015895,-0.04019336852005752,-0.09012501975686242,0.13063779914954898,0.03497962625051888,-0.0005781062770436024,-0.10344532276387608,0.06539727946696286,-0.012829537601969055,0.11346889720624029,0.028470487435241786,0.2565148485957054,0.16578911472595567,-0.0803248061158511,0.07133761681930424,-0.04730273338764551,0.21186794549145324,0.06694388705962948,-0.1461295979679579,-0.09200407180441418,0.42
text_price,test,13,0,1,10,,0,0,0,0,0,0,0,0,0,0,0.5699988935385313,insufficient_coherence,,,,,,,0,,,,,,,,,,,,,,,,,,,,,,,,,,,,,,,,,,,,,,,,,,,,,,,,,
text_price,test,13,1,11,20,,0,0,0,0,0,0,0,0,0,0,0.5699988935385313,insufficient_coherence,,,,,,,0,,,,,,,,,,,,,,,,,,,,,,,,,,,,,,,,,,,,,,,,,,,,,,,,,
text_price,test,13,2,21,30,,0,0,0,0,0,0,0,0,0,0,0.5699988935385313,insufficient_coherence,,,,,,,0,,,,,,,,,,,,,,,,,,,,,,,,,,,,,,,,,,,,,,,,,,,,,,,,,
text_price,test,13,3,31,40,,0,0,0,0,0,0,0,0,0,0,0.5699988935385313,insufficient_coherence,,,,,,,0,,,,,,,,,,,,,,,,,,,,,,,,,,,,,,,,,,,,,,,,,,,,,,,,,
text_price,test,13,4,41,49,,0,0,0,0,0,0,0,0,0,0,0.5699988935385313,insufficient_coherence,,,,,,,0,,,,,,,,,,,,,,,,,,,,,,,,,,,,,,,,,,,,,,,,,,,,,,,,,
text_price,test,14,0,1,10,,0,0,0,0,0,0,0,0,0,0,0.9680339918452902,insufficient_support,,,,,,,0,,,,,,,,,,,,,,,,,,,,,,,,,,,,,,,,,,,,,,,,,,,,,,,,,
text_price,test,14,1,11,20,,0,0,0,0,0,0,0,0,0,0,0.9680339918452902,insufficient_support,,,,,,,0,,,,,,,,,,,,,,,,,,,,,,,,,,,,,,,,,,,,,,,,,,,,,,,,,
text_price,test,14,2,21,30,,0,0,0,0,0,0,0,0,0,0,0.9680339918452902,insufficient_support,,,,,,,0,,,,,,,,,,,,,,,,,,,,,,,,,,,,,,,,,,,,,,,,,,,,,,,,,
text_price,test,14,3,31,40,,0,0,0,0,0,0,0,0,0,0,0.9680339918452902,insufficient_support,,,,,,,0,,,,,,,,,,,,,,,,,,,,,,,,,,,,,,,,,,,,,,,,,,,,,,,,,
text_price,test,14,4,41,49,,0,0,0,0,0,0,0,0,0,0,0.9680339918452902,insufficient_support,,,,,,,0,,,,,,,,,,,,,,,,,,,,,,,,,,,,,,,,,,,,,,,,,,,,,,,,,
text_price,test,15,0,1,10,"1,2,3,4,5,6,7,8,9,10",10,231,163,1420,120,97,602,124,100,818,0.9603369811532076,eligible,-0.3730326140909756,7.7080610159155585,-8.081093630006535,-19.77352536570832,3.766821177112905,6.524171689506682,200,0.5071650212201055,0.11547877878712724,3.003141272184738,7.762908928104716,6.064935064935065,41.97835497835498,3.825877825877826,1.0,0.008658008658008658,0.0,0.0,0.0,0.0,2.017316017316017,3.0043290043290045,0.9956709956709957,0.17753050840613008,0.3639570123914698,0.43525799959649997,0.0799504861659482,0.7439884411294327,0.028060511941337057,-0.0029567900247984406,0.06482784391127576,-0.12527973154039398,-0.002843189972812178,0.024870457278138226,0.056431639754921714,-0.06726014729047065,-0.036022065073230455,0.03058096315137999,0.08502387529806991,-0.00338666642200427,-0.004996038397662621,-0.021181404249746447,0.01703633593094648,0.022898201134646995,-0.0017718094787839383,0.0001304866091512276,0.06317530102803927,0.027964470630272544,-0.013255145838875411,0.0035439543168032258,-0.0010377116925363178,-0.0020299630010536768,0.008374637165785721,-0.033283903257574375,0.03439060949517776,0.055
text_price,test,15,1,11,20,"11,12,13,14,15,16,17,18,19,20",10,302,210,2249,172,137,1135,158,129,1114,0.9603369811532076,eligible,-7.133812727934089,0.7878484777550376,-7.9216612056891265,-20.416796999976768,1.3272425978343314,5.820931762048661,200,0.49883944470204983,0.1199844409796783,3.004076285655893,7.754065912999717,6.0364238410596025,41.771523178807946,3.8317512877115525,1.0,0.0033112582781456954,0.0,0.0,0.0,0.0,2.019867549668874,2.980132450331126,0.9900662251655629,0.17722155785556282,0.36242911609856393,0.4361274921307259,0.08284776729398852,0.7490525771611197,0.028550718044671304,-0.005346352686132054,0.06193450325238728,-0.12038132596401023,-0.004687076126378094,0.016365340764757177,0.059731034527928564,-0.06534013241290272,-0.03345796896165943,0.03640059334442533,0.07711001009004011,-0.004355105923948319,-0.003397547372713013,-0.017728052482666828,0.014132248010806203,0.024770683770643467,-0.006342075929576424,-0.0017426226096857644,0.049615627632723355,0.016276990211449526,-0.014071072144490611,0.006531103002766842,-0.0025173218373451046,-0.0013463944780689446,0.004906415015948283,-0.03642338441915035,0.028306104640989097,0.155
text_price,test,15,2,21,30,"21,22,23,24,25,26,27,28,29,30",10,285,199,2540,178,136,1143,175,140,1397,0.9603369811532076,eligible,-7.991873243238887,1.234407709540503,-9.226280952779389,-27.01844037001343,9.301322613922158,9.768672535737695,200,0.4997528221380453,0.12780335217731148,3.0654126869094203,7.736696712971752,6.03859649122807,41.733333333333334,3.83224171539961,1.0,0.0035087719298245615,0.0,0.0,0.0,0.0,2.017543859649123,2.968421052631579,0.9859649122807017,0.17756917113727266,0.3615799516632953,0.43654476743371434,0.08391201762373568,0.7491673489299575,0.028378316075854646,-0.005134518315578923,0.06046255293473817,-0.11751346162781451,-0.005354484652969885,0.013488973626492047,0.059663989053374646,-0.0647318675965266,-0.032354462393211304,0.03797792407897104,0.07428149230787759,-0.004576473535844673,-0.0029877749669066883,-0.016839036966437435,0.012859208305318469,0.024329979279182058,-0.006994200121247132,-0.0020838240121734343,0.04433195088321357,0.01278830293225669,-0.013525042463806872,0.007278135706875618,-0.0031220007859542607,-0.00022209762460639136,0.004155922519800038,-0.03702705496692005,0.026066629267050074,0.255
text_price,test,15,3,31,40,"31,32,33,34,35,36,37,38,39,40",10,254,188,2668,178,142,1257,169,135,1411,0.9603369811532076,eligible,-1.2883800666180478,1.2957659195354454,-2.584145986153493,-30.898580843915955,26.043624855988742,15.134138421588473,200,0.5060420358112919,0.13522765937332848,3.1429461567766235,7.740563013722446,6.078740157480315,42.003937007874015,3.8283902012248467,1.0,0.011811023622047244,0.0,0.0,0.0,0.0,2.0196850393700787,2.9921259842519685,0.9881889763779528,0.17952906441109537,0.36209461790699315,0.4344714719274421,0.08611732320911007,0.7492858565777907,0.028504045144462014,-0.005261848321135289,0.058624483493307046,-0.11531798026240184,-0.006422701909687375,0.011196474180711248,0.060096073964223326,-0.06446415909710827,-0.03173249887146097,0.0399143584111887,0.07190762413201188,-0.004740243727782994,-0.002314509672640712,-0.015507829609095478,0.012253681853036453,0.023385042342223432,-0.007609895187098677,-0.0016524395929645732,0.039208201941243435,0.010180839759744686,-0.013173676515873816,0.008714205592972089,-0.003251699044858756,-0.0003350699108507992,0.0025440875341454657,-0.03396247159741155,0.023858161980436852,0.355
text_price,test,15,4,41,49,"41,42,43,44,45,46,47,48,49",9,221,166,2647,185,145,1308,166,131,1339,0.9603369811532076,eligible,-0.18530419454500266,0.020551184359019543,-0.2058553789040222,-33.482707473035966,30.857649149292527,16.884842685700818,200,0.49401614130872284,0.14510342667694653,3.187814879137124,7.7269048274900065,6.122171945701357,42.31674208144796,3.8195072900955265,1.0,0.01809954751131222,0.0,0.0,0.0,0.0,2.0271493212669682,3.02262443438914,0.995475113122172,0.18016460102938747,0.36237199733940856,0.432796987191115,0.08775978185306454,0.7512673295149682,0.028732140206804965,-0.006041877990603614,0.05728443613471257,-0.11308040357857332,-0.007367612670646228,0.008287324570938236,0.06090670111957254,-0.06526553228381896,-0.03088932941636622,0.0426737697541219,0.06902545130555168,-0.005447131263310619,-0.0014039628481883055,-0.015177907568093327,0.01171271216934967,0.023546220181819524,-0.009939622363761511,-0.002175431663271691,0.03234363692727581,0.00511268995874964,-0.014466041366589827,0.011511284365765083,-0.002734983575138758,0.0017486057775941161,0.0012219597644200358,-0.03343149868124545,0.022179188846588444,0.45
text_price,train,0,0,1,10,,0,0,0,0,0,0,0,0,0,0,0.749128374505506,insufficient_support,,,,,,,0,,,,,,,,,,,,,,,,,,,,,,,,,,,,,,,,,,,,,,,,,,,,,,,,,
text_price,train,0,1,11,20,"15,18,19,20",4,344,292,3232,341,290,3192,9,9,40,0.749128374505506,insufficient_support,,,,,,,0,0.20759857221350275,0.06476886647902147,3.8783152028039547,7.550969326609298,9.0,58.21220930232558,3.3294573643410845,1.0,0.25290697674418605,0.0,0.0,0.0,0.0,2.0,3.741279069767442,0.997093023255814,0.5657360142264495,-0.10404656185465733,0.005122475493800338,-0.06099082395175064,-0.017528601830729646,0.1311331525602538,0.001717059507328867,-0.10931560877040145,-0.02055140179757512,-0.054760097862191395,-0.10258543434637338,-0.06485315425105496,-0.051193081281361755,-0.13734898546606378,-0.07842390466912873,0.09205198963660548,0.12968849254524892,-0.20496743812287038,-0.1626466740813851,-0.09487991034012136,0.09782800104799243,0.05208843575087132,0.08012125159713661,-0.03650723828343855,-0.01767454988738259,0.06513191308554936,0.021272897848600262,0.004998167218358078,0.010916374215902023,0.01886932379171778,-0.00532149691559164,-0.01577759250502623,0.18
text_price,train,0,2,21,30,"22,23,25,26,27,28,29,30",8,409,340,6873,401,334,6655,25,23,218,0.749128374505506,eligible,-7.781450535879754,-2.5771610117585353,-5.204289524121219,-56.84770459030665,10.631791325993833,15.353564595334353,199,0.2710439469420532,0.06613947108536312,3.869854343782522,7.507490232614746,8.990220048899756,58.35696821515892,3.3331703341483294,1.0,0.16381418092909536,0.0,0.0,0.0,0.0,1.9975550122249388,3.823960880195599,0.9951100244498777,0.5559212629193062,-0.10876701996156234,0.015209326846145595,-0.07722822838497517,-0.024464800302067425,0.12652625287420283,0.00184287790605958,-0.11577742008407668,-0.025278755653793002,-0.05117683702148436,-0.10089160707178044,-0.0654830524937474,-0.05158263534952364,-0.14112695310961046,-0.08000639058869903,0.09529112502617003,0.12873673088054505,-0.2098202715042085,-0.1563242930362155,-0.09111949928425991,0.09190114814024844,0.05052224605667847,0.07918191848023004,-0.03005924996614155,-0.013382344124140614,0.07227149642768739,0.027679764662312468,-0.006363962452731734,0.01108663482935003,0.013287502505969787,-0.0008451897899474342,-0.021621335290742595,0.2625
text_price,train,0,3,31,40,"31,32,33,34,35,36,37,38,39,40",10,367,314,8783,356,306,7867,57,56,916,0.749128374505506,eligible,-4.2401173237863565,-7.349258488425581,3.1091411646392246,-22.668531152894946,20.768049303634058,11.318000746980271,200,0.32731950583965197,0.06920683463772319,3.886499656486079,7.511783733386555,8.978201634877385,58.4141689373297,3.342052679382379,0.997275204359673,0.13896457765667575,0.0,0.0,0.0,0.0,1.994550408719346,3.844686648501362,0.9945504087193461,0.5546823943367624,-0.10634966814760032,0.019296968044370796,-0.08444726094655537,-0.02776341427948507,0.12375451490134938,0.0016055531228653232,-0.11448788022802185,-0.022494542064191245,-0.05505494305225797,-0.10267051085322726,-0.06467599817964234,-0.04750425415091377,-0.15535168421052628,-0.0816907978847207,0.10055368444745183,0.13827071600301788,-0.21382696430050083,-0.15802298493010825,-0.09571906507785169,0.09492629696931222,0.054431980844007535,0.08634103856605416,-0.03397441215616825,-0.013652527466252586,0.07755635147152143,0.031929120477637324,-0.015153082413884706,0.013263677285363684,0.008221794998791037,0.0024450866648148286,-0.022178198014100967,0.355
text_price,train,0,4,41,49,"41,42,43,44,45,46,47,48,49",9,238,217,7742,229,209,4851,125,123,2891,0.749128374505506,eligible,-7.24241390363878,12.309575024105051,-19.551988927743828,-43.21031883775257,6.707702772362883,12.757937790446912,200,0.37930385175796133,0.07544789084667337,4.0176946774576745,7.636436452318572,8.983193277310924,58.48739495798319,3.3419234360410828,0.9957983193277311,0.1092436974789916,0.0,0.0,0.0,0.0,1.995798319327731,3.8781512605042017,0.9957983193277311,0.552185660095723,-0.10803546838956746,0.024631616976089506,-0.09285770187585013,-0.030272776375776324,0.11763733288776701,-0.0005167906540385501,-0.11400445904072913,-0.020252499181151743,-0.055419932053867076,-0.10398830055135094,-0.058219230483197,-0.038553401264688494,-0.16034444686909802,-0.08440939486656572,0.10572329272627773,0.13858330866644686,-0.21616768701021333,-0.16386585766319814,-0.08633260475640632,0.09771164844262169,0.05432782075304307,0.08825408155899757,-0.03883596375654626,-0.01761403225580748,0.08645303596352844,0.036181176625181354,-0.01404899348993147,0.0225552124058844,-1.1302022584168811e-05,0.00101998651702159,-0.017188469432300624,0.45
text_price,train,1,0,1,10,"1,2,3,10",4,487,220,14434,474,208,14393,20,19,41,0.8861214215710216,insufficient_support,,,,,,,0,0.1048383832990797,0.05093186993221525,3.476852981399163,8.159611887967452,5.012320328542095,36.790554414784395,4.408624229979466,1.0,0.0,0.0,0.0,0.0,0.0,1.0123203285420945,2.0,1.0,0.26796259893225477,0.6170369496269853,0.1772541067411012,-0.4445320291768418,-0.3101376359432798,-0.07405559413175802,0.05833736069916344,-0.0012615110642675655,-0.002337401142846031,0.01001497182295643,0.004546540771846228,-0.007197003599816991,0.01429840100217866,0.012873988910168202,-0.007191328489713117,-0.012292944615771326,-0.015028854829214134,0.004017163105400426,0.02411475568512818,0.006224233944445356,-0.015435764312318759,0.009412870263577112,-0.012390799250420699,-0.011494120264609022,-0.007944031707945854,-0.00173960202963462,0.015323085216623969,0.008891327435587484,-0.007675655154624413,-0.006737614446616679,-0.0019321773997911153,0.010678461549038613,0.04
text_price,train,1,1,11,20,14,1,245,164,1469,239,159,1456,7,7,13,0.8861214215710216,insufficient_support,,,,,,,0,0.1522021253077677,0.06605532672520882,3.7923445951622714,8.636649639149034,5.016326530612245,36.83265306122449,4.406258503401361,1.0,0.0,0.0,0.0,0.0,0.0,1.0163265306122449,2.0,1.0,0.26824207860968735,0.6251862097561347,0.17911473247130283,-0.44865945359739035,-0.3116719845144291,-0.06977645527884517,0.05953042810731529,-0.014280444560764188,-0.0011735690038464637,0.008544302895692357,-0.006286611243621748,-0.00529942370809503,0.015087506949722594,0.01891099274725312,-0.0020239991556257626,-0.021225924633589646,-0.020365506407268186,-0.00021459997022120418,0.019856275674555862,0.0049681563930338846,-0.005988363367956534,0.005908616294377135,-0.02212156497440361,-0.0348049258520184,-0.026509050711219836,-0.0034445953667904955,0.03035066024287605,-0.0024571082997213818,0.0014348892958360561,-0.010690222854159931,-0.00817111816640148,-0.005848631848929153,0.14
text_price,train,1,2,21,30,"21,25,28",3,285,233,2013,280,229,1994,13,13,19,0.8861214215710216,insufficient_support,,,,,,,0,0.22234958441283345,0.0870286675425899,3.41116478345591,8.159360809097684,5.049122807017544,36.91929824561404,4.397426900584795,1.0,0.0,0.0,0.0,0.0,0.0,1.0491228070175438,2.0,1.0,0.2745929963994034,0.6182939760693125,0.17955826038997882,-0.4460494515797671,-0.30548484776972934,-0.07260234086177608,0.052153067453446465,-0.007343010636957953,0.01852265647686578,-0.00014211954253525006,-0.025222882861225957,0.00610915253368982,0.024083266666570673,0.025540824595063096,0.015406126218902472,-0.04235019939591042,-0.022682310309266093,0.022180951288222985,0.03107763873149135,-0.005161783543848993,-0.009658934744867556,-0.000517042530421359,-0.017498416670042906,-0.04358985769742968,-0.04554127643298181,-0.006637811607961317,0.031495491642694835,0.007633766991232243,0.02289154257033029,-0.014595430480503057,-0.028541188878087483,-0.038699044005545524,0.24666666666666667
text_price,train,1,3,31,40,"31,32,33,35,36,37,38,39,40",9,238,219,2369,226,207,2229,50,50,140,0.8861214215710216,eligible,-7.157368894263219,1.9160084650280733,-9.073377359291293,-43.47152826367178,18.895611280374315,16.788814677482392,199,0.27845951857781154,0.11025897614024888,3.2288179056053155,7.909257275341384,5.07563025210084,37.09243697478992,4.4,1.0,0.0,0.0,0.0,0.0,0.0,1.0756302521008403,2.0,1.0,0.2789334539242392,0.6028668107829713,0.17692589442604867,-0.4389937416404954,-0.2993291845197188,-0.07791410964161911,0.04529562387884189,-0.012585247871392069,0.02349941628769187,7.844584129518179e-06,-0.03294559727867966,0.004147837151693982,0.022140885119492713,0.031514288691044154,0.02134907034712616,-0.048794507422847785,-0.020564503984959986,0.023486563274121942,0.020849090787578954,0.0015849381857593904,-0.020553085403572695,-0.0025389838888689527,-0.019319935831243185,-0.022439922157618024,-0.04329399115938172,-0.02768811261977789,0.04167741018798081,0.02144153557210716,0.06259981227839428,-0.01043271787311379,-0.04946938581132288,-0.06121129226521726,0.35666666666666663
text_price,train,1,4,41,49,"41,42,43,44,45,46,47,48,49",9,142,137,1306,128,125,894,63,61,412,0.8861214215710216,eligible,0.8813209310454552,6.782490012747869,-5.901169081702413,-56.59522666943605,45.732960869605506,27.651600062438582,200,0.3317393102002186,0.12806779577648067,3.1076371014601563,7.585533435863697,5.147887323943662,37.32394366197183,4.3847417840375575,1.0,0.007042253521126761,0.0,0.0,0.0,0.0,1.1267605633802817,2.0,0.9929577464788732,0.28431062831255494,0.5898670283636476,0.17699916430421295,-0.43741592842506816,-0.2968535554279435,-0.08132312345956848,0.04339110640434415,-0.01746248051415432,0.028742150204225745,-0.0047880690470847335,-0.038889679776166766,0.0034789360762036425,0.023237254763128958,0.04329772433857997,0.030009805579631045,-0.056724657667147266,-0.023396710664598187,0.03364045933732095,0.015342618926166219,0.008742847049048342,-0.02611383488770617,-0.0007253953052529063,-0.015886171242722846,-0.015462953255045625,-0.04934073507141113,-0.04254340183271571,0.05350370131680323,0.02619693198210573,0.0904913691503872,-0.0038312610451466528,-0.06749891271316429,-0.07421401368975578,0.45
text_price,train,2,0,1,10,"1,2,3,4,5,6,7,8,9,10",10,215,177,2678,111,98,1016,114,100,1662,0.6177959893390226,insufficient_coherence,,,,,,,0,0.47489265593866636,0.08988507277534759,3.3472364095276004,7.3038145536081664,9.744186046511627,56.051162790697674,4.5336176431867266,0.9255813953488372,0.26976744186046514,0.0,0.0,0.0,0.004651162790697674,4.186046511627907,0.5209302325581395,0.32558139534883723,0.1403188167936952,0.015910529437677227,0.08798983506481053,0.19479450439715093,0.003436796807431694,-0.1529319618887891,0.4449093469074706,0.0425261483534085,-0.06730763332623092,0.01207689123602237,-0.14284232787886905,-0.05401858479674616,0.1611173155029984,0.028509285883311225,-0.03834270257174024,-0.015646877841206927,0.003984468238784857,-0.044093465900689605,0.053202108080616414,-0.03718717262486284,0.013551611795830492,-0.026516229312584967,0.036283370672560135,0.06032018170761298,-0.022846826955923227,0.01692109681590762,0.1519507626232796,0.09082718528989865,-0.028256449468372035,-0.05407413670016797,0.016275041408960515,0.010306731705387026,0.055
text_price,train,2,1,11,20,"11,12,13,14,15,16,17,18,19,20",10,275,228,3194,140,128,1473,148,126,1721,0.6177959893390226,insufficient_coherence,,,,,,,0,0.505304163601906,0.08101231936498736,3.392045253366212,7.162639513120933,9.927272727272728,56.75272727272727,4.42932592244357,0.9418181818181818,0.36,0.0,0.0,0.0,0.0036363636363636364,4.04,0.6327272727272727,0.28,0.15254084278240035,0.00977054117066135,0.08088080936795554,0.19655965211650558,-0.005843280372548826,-0.16065097810179452,0.4508456108100004,0.041519110363376605,-0.0674631045887292,0.009378763624712039,-0.14255353235924578,-0.06335775625337123,0.1619410349006793,0.025380529357611262,-0.0251389877388412,-0.012406817832666367,0.0038400714235559976,-0.044249714671625764,0.05481564274411832,-0.03697794996888502,0.01704654996567701,-0.027973712646959217,0.03172552068598651,0.06425762091784638,-0.03322895916296819,0.01385207283691393,0.13962140387232996,0.0766042229830834,-0.02044826700476,-0.04423418915545821,0.012604156279736534,0.013721825755545215,0.155
text_price,train,2,2,21,30,"21,22,23,24,25,26,27,28,29,30",10,290,235,3994,152,133,1818,163,140,2176,0.6177959893390226,insufficient_coherence,,,,,,,0,0.5100156947250573,0.08443353511185218,3.442204217425691,7.150706741012048,9.924137931034483,57.43448275862069,4.519127887832249,0.9551724137931035,0.3448275862068966,0.0,0.0,0.0,0.006896551724137931,4.044827586206897,0.6241379310344828,0.2620689655172414,0.1482325352134211,0.009359599181393681,0.07609569062587962,0.18268745381574328,0.0021918723769173195,-0.1523193866868637,0.4198822790726029,0.024752818813582936,-0.04215195893039015,0.013026614651260305,-0.12347016847589211,-0.08654624359787694,0.16892261669856556,0.026375682694516497,-0.020386086374459024,-0.0030387060305557675,-0.0017660443177890893,-0.042316235591415834,0.05699093269065396,-0.037678047278550335,0.014068304949988213,-0.02880108856165651,0.030067631947618273,0.07287294164557474,-0.04238256720474053,0.017374212715285157,0.14994639335536905,0.08624786600079196,-0.026125918218765677,-0.04372366698334315,0.016722269256878267,0.010291104754588717,0.255
text_price,train,2,3,31,40,"31,32,33,34,35,36,37,38,39,40",10,278,222,4991,159,137,2294,175,151,2697,0.6177959893390226,insufficient_coherence,,,,,,,0,0.5196364017694112,0.0876413432319037,3.497005089333064,7.1089033760930995,9.881294964028777,57.0,4.551161482813514,0.9532374100719424,0.34172661870503596,0.0,0.0,0.0,0.007194244604316547,4.075539568345324,0.5503597122302158,0.24100719424460432,0.14346932447174812,0.0050783200915755,0.07820432383021868,0.18225911914943327,0.0012190842973874218,-0.15292469695248412,0.4168075733909356,0.028225355661255648,-0.04528622579504962,0.011749250710627792,-0.11793129289190112,-0.08420301443005258,0.16448749975032495,0.0235844955255657,-0.026798330962619046,-0.008025470587488929,-0.001917616083840902,-0.041119916357866236,0.05535314068314689,-0.03951298313668818,0.01778991574289559,-0.03645414567763185,0.03427225817245957,0.07420894950641983,-0.039855184467709234,0.0216237856800414,0.1572994671121806,0.09174359617486467,-0.02747277891501824,-0.04330383324680353,0.017367560166716155,0.010302760240762515,0.355
text_price,train,2,4,41,49,"41,42,43,44,45,46,47,48,49",9,198,170,3279,143,125,1786,151,134,1493,0.6177959893390226,insufficient_coherence,,,,,,,0,0.5284816216295947,0.10380755051308176,3.5618362299158073,7.109973692545392,9.858585858585858,56.30808080808081,4.463092805639596,0.9646464646464646,0.3383838383838384,0.0,0.0,0.0,0.005050505050505051,4.02020202020202,0.5505050505050505,0.21717171717171718,0.1491081162814465,0.0014158021600482766,0.0666239934152745,0.18408547548067894,-0.00664550623012953,-0.15763659866032068,0.4321182104928461,0.033273842085951535,-0.05149101664769587,0.010773562592014979,-0.1285361029617603,-0.07045375787778027,0.1632107161444375,0.026053634851159347,-0.02484017856334427,-0.0028243419782919272,-0.0018238294860428593,-0.04195055087291593,0.05437786119928961,-0.03672888685585549,0.016552920705881463,-0.033414491119328725,0.032517453304234105,0.07699513655294536,-0.03976813129554722,0.01868410930235677,0.1516218197364005,0.09172786557599817,-0.029345011656455103,-0.04496233816381923,0.012921709881647871,0.008953975544412667,0.45
text_price,train,3,0,1,10,"1,2,3,4,5,6,7,8,9,10",10,245,222,7288,147,136,4500,111,107,2788,0.8620615815949342,eligible,-3.6883069041144747,10.998411491241168,-14.68671839535564,-24.732054384682524,-2.666253740439867,5.639469713397606,200,0.4277722797929847,0.06061742990772012,3.397311057250202,7.114916953439245,7.404081632653061,44.61224489795919,4.748085384003751,0.9959183673469387,0.13877551020408163,0.0,0.012244897959183673,0.0,0.004081632653061225,3.293877551020408,0.7959183673469388,0.2,0.09784518357266353,0.035889915948058765,0.3089433421966812,0.07760861182495297,0.15984948634490398,-0.027311413547589695,0.1943771967452312,-0.13828516669600788,0.27390066167270105,0.05904454475708212,0.15551001576577608,0.07091036794328721,-0.07728230340033938,-0.02387534085602202,-0.07973992005480743,-0.014939739537437963,-0.01111805618894825,0.004865080926844623,-0.016015467159309307,0.026524370160584138,-0.03218116038580536,0.08147260644028771,0.017132843032020843,-0.05405886640505679,0.13117553703706938,0.045834185055558765,0.024091627354275016,0.01772765866820251,0.031605053121202945,0.07100642699042481,0.5709883184459126,-0.2912659123539288,0.055
text_price,train,3,1,11,20,"11,12,13,14,15,16,17,18,19,20",10,281,265,7479,170,165,3446,126,123,4033,0.8620615815949342,eligible,-5.087396502061516,20.52877661876212,-25.61617312082364,-40.61412874971913,-6.767748557893333,8.226556214238464,200,0.43415649878227397,0.0629861176958943,3.534430708322668,7.295814533492188,7.320284697508897,43.35943060498221,4.769569062807497,0.99644128113879,0.09608540925266904,0.0,0.0035587188612099642,0.0,0.0035587188612099642,3.3309608540925266,0.6120996441281139,0.12811387900355872,0.08513408806978597,0.02213394297255872,0.2672114414272937,0.08303722201660096,0.12340621720098308,-0.023526814145129468,0.21480098387188165,-0.15236474643123946,0.30307627578070995,0.06839219028348059,0.1748448273877336,0.10987748217624234,-0.10170623017540012,-0.0274080642670681,-0.09027921665348174,-0.018807399206092174,-0.014450269955088753,0.0053743116201693565,-0.004838159343191458,0.018346999953140257,-0.023243932273586485,0.06580256316844427,0.016220325498321513,-0.03740298090797385,0.11560577658052078,0.04611964926124264,0.022453627184956245,0.022200679107479387,0.038257869998812206,0.08378165690847234,0.5503793680468192,-0.2912062160064903,0.155
text_price,train,3,2,21,30,"21,22,23,24,25,26,27,28,29,30",10,314,298,11228,190,184,5439,149,146,5789,0.8620615815949342,eligible,-6.371842013929071,-3.1839328426752695,-3.187909171253802,-15.100496009241116,11.619713503667366,6.727760534039127,200,0.44566645431931085,0.06408407127116852,3.615346078071029,7.45769472326825,7.296178343949045,42.882165605095544,4.864879511854034,1.0,0.06687898089171974,0.0,0.006369426751592357,0.0,0.006369426751592357,3.3312101910828025,0.46496815286624205,0.09554140127388536,0.077033267261895,0.013567400145594485,0.23658856087083677,0.08868887871369426,0.10078631604023723,-0.028306922500560557,0.22692632088292966,-0.16202359374211536,0.3242882362082421,0.07236523539872215,0.19032257393815638,0.1308370836664779,-0.11913706224883056,-0.03168624882093876,-0.09995787332481343,-0.02969126752205884,-0.015170728036346809,0.0023485250273322256,-0.0028306952689222385,0.012072678023827879,-0.018209248526896704,0.059237635485569484,0.015953340263904537,-0.026784818188465707,0.10268736063902129,0.0522319025228954,0.0196879593320495,0.021805117734153362,0.03980311889428108,0.09166173288641036,0.5377451701834952,-0.29458261038396844,0.255
text_price,train,3,3,31,40,"31,32,33,34,35,36,37,38,39,40",10,260,247,16577,150,146,5422,140,136,11155,0.8620615815949342,eligible,23.742713348045402,-12.605879307516904,36.34859265556231,6.038311016072671,48.74025109150754,11.78445292021633,200,0.4940637934798126,0.06540563644114315,3.7193203303462488,7.635555198078787,7.388461538461539,43.03076923076923,4.885329919891571,1.0,0.05,0.0,0.0038461538461538464,0.0,0.007692307692307693,3.3230769230769233,0.43846153846153846,0.13076923076923078,0.07247777157674222,0.0002697510069194664,0.18465003345115233,0.07994137867817097,0.060666316576473894,-0.029545394453478438,0.2377529339789691,-0.17609340340252014,0.3523643327768284,0.07737915073092105,0.20428397458828793,0.1574560330687852,-0.14084927229191432,-0.035735166570758585,-0.10293462676500226,-0.0269105564419366,-0.016512739711240173,0.001655183134060781,0.00250074142151811,0.008872354072848901,-0.017308565091043303,0.054316276863847116,0.01431296580423511,-0.018669553749354924,0.09892546170104821,0.052598746771729814,0.01520433355392337,0.0269879003062984,0.042766686843649926,0.09460974688594588,0.5305604301826199,-0.29516113420246626,0.355
text_price,train,3,4,41,49,"41,42,43,44,45,46,47,48,49",9,222,209,9741,147,141,4377,156,146,5364,0.8620615815949342,eligible,-4.963281464324985,-4.133758090544225,-0.8295233737807606,-22.112259833514234,19.930946209629795,11.07412142887063,200,0.5073198431104735,0.06642540949133711,3.744026774159513,7.731568872065152,7.2657657657657655,41.9009009009009,4.886799368049369,1.0,0.02702702702702703,0.0,0.0045045045045045045,0.0,0.009009009009009009,3.4054054054054053,0.3063063063063063,0.12162162162162163,0.06535185240673365,-0.005979278473165795,0.17166308120325588,0.0870378688222144,0.04972752497288862,-0.0267346543064654,0.2436037640959361,-0.18167828067914665,0.36346483278600117,0.08065863639976463,0.21107875086233835,0.17058819241066384,-0.1493164997960529,-0.03739838422721853,-0.10680109347208533,-0.027066604281818403,-0.01803952408452974,0.0008005861957248524,0.007877052166566246,0.002186939223804583,-0.012400048296758616,0.04644588336848139,0.014619641307946426,-0.011342302140142634,0.09272764900415464,0.05653373175668296,0.01156839752024634,0.0320123881193526,0.04636332907890782,0.10341916355564237,0.5237330574579964,-0.3014373332170387,0.45
text_price,train,4,0,1,10,"1,2,3,4,5,6,7,8,9,10",10,629,526,15911,608,508,15406,31,31,505,0.7107616399046447,eligible,0.2315297543130969,0.5901334812892902,-0.35860372697619336,-21.210444068525078,5.806227653887903,6.482872506434818,199,0.13610783899983553,0.05375824559545304,3.4698457852065605,7.213203381104456,9.203497615262322,56.2368839427663,3.185732870291694,0.9777424483306836,0.5071542130365659,0.0,0.0,0.0,0.012718600953895072,2.0047694753577106,3.356120826709062,0.8505564387917329,0.5795664889053076,-0.12049648042215289,-0.013630950767132315,0.022272578265551048,0.015130988390850126,-0.16534033477253424,-0.034376277119606106,0.09135750286104004,0.03977794048725325,-0.03966121031491543,-0.015254187494748163,-0.03591972350395603,-0.03640829949104031,0.14223240108927335,-0.14221875752924074,0.14675058240059496,0.047329927519432005,0.15425185802047092,-0.10931143800718657,0.1311331203556314,0.017319063343024476,-0.011899853046698822,-0.04416718450074416,-0.055890874622292135,-0.01711729491320164,-0.07015426128536649,0.0157176860290376,-0.04036149966162324,-0.051649833750258146,-0.09047685333338104,0.06337354910403195,0.00024640970802246125,0.055
text_price,train,4,1,11,20,"11,12,13,14,15,16,17,18,19,20",10,630,538,12220,600,513,11506,49,49,714,0.7107616399046447,eligible,2.762682192497816,7.470130573330139,-4.707448380832322,-24.621778855089012,11.50858917666041,9.773554381265074,200,0.20986811037095682,0.06859248840742556,3.6440893310478164,7.266813554136612,9.14126984126984,56.33015873015873,3.2112778006825624,0.9841269841269841,0.4,0.0,0.0,0.0,0.01746031746031746,1.9746031746031747,3.4174603174603173,0.8253968253968254,0.5625872605638566,-0.13670887392816652,-0.000954669128010285,-0.001552229667838516,0.005488391179405879,-0.1683647428678804,-0.03769149041348532,0.0964873876461874,0.03792725221853814,-0.04156251635806538,-0.01680632169598518,-0.03552082787859485,-0.03755363378541343,0.14410551434489766,-0.14521466934658847,0.14848151645763144,0.04815817784314602,0.15774365784245745,-0.10039535099607907,0.13321498152876188,0.020632661007117213,-0.013315232117481427,-0.053158477818940224,-0.051759205777795865,-0.022499178509106807,-0.0653890691411594,0.01387091988970841,-0.036207511326248894,-0.05411819878874692,-0.0891901683754656,0.056960547687718,0.001980371841897502,0.155
text_price,train,4,2,21,30,"21,22,23,24,25,26,27,28,29,30",10,550,481,10892,527,463,10010,64,63,882,0.7107616399046447,eligible,4.321524143921753,10.830945395292131,-6.509421251370378,-30.62495614691671,11.21623746911339,10.84511179851406,200,0.28462117353685285,0.0796748851368887,3.8537266942644592,7.37360368983469,9.06,55.78909090909091,3.1632070707070707,0.990909090909091,0.26545454545454544,0.0,0.0,0.0,0.02,1.969090909090909,3.5236363636363635,0.84,0.5626342825382468,-0.14765709917027992,0.008028574205689391,-0.02082017414361799,-0.000873462396853111,-0.16572816048043393,-0.04351869904281355,0.11077677747998993,0.04490966991360277,-0.04766650335065051,-0.021716981672894667,-0.02952891683204628,-0.0360203486501619,0.14550185248985714,-0.1518653770920927,0.15083455855200384,0.04357889297544678,0.1547472444560841,-0.09679069114827987,0.13002074391870644,0.021531769722760406,-0.020842329397002327,-0.058432716128043065,-0.045685417528398414,-0.03360619540986841,-0.04963583303387867,0.004821067540944922,-0.02689888050759763,-0.0582256540912435,-0.07856735771567938,0.03941574770115597,-0.002600458529047196,0.255
text_price,train,4,3,31,40,"31,32,33,34,35,36,37,38,39,40",10,468,410,13410,443,392,10785,135,127,2625,0.7107616399046447,eligible,-1.502011421603629,5.467689547349093,-6.969700968952722,-26.030013418005552,10.031488756170786,9.712144723575861,200,0.34973812745983757,0.08630634576608764,3.988425027575221,7.421494222183517,9.042735042735043,55.37179487179487,3.1023094189760854,0.9935897435897436,0.202991452991453,0.0,0.0,0.0,0.014957264957264958,2.002136752136752,3.5705128205128207,0.8739316239316239,0.5764495105659934,-0.15408108634366283,0.009615425016462453,-0.02506752944182564,-0.0025354715520875377,-0.17238649995237051,-0.04945185132341108,0.1146641883832062,0.04539914264851172,-0.052656864567759094,-0.027907974061512006,-0.022321243883782666,-0.03324564175255848,0.14261343245372907,-0.16100512021704616,0.1551756396215136,0.0439369936028472,0.1557642657819738,-0.08334546351411565,0.12952793737405954,0.023908200493216868,-0.027447183557300043,-0.0543585023554764,-0.037718035881673474,-0.03967229079548656,-0.03181207961403555,-0.010252975097847328,-0.021376048478334537,-0.08047102779497314,-0.061529992673268134,0.02220738266427747,-0.01717475162700929,0.355
text_price,train,4,4,41,49,"41,42,43,44,45,46,47,48,49",9,341,308,14703,331,299,8211,203,192,6492,0.7107616399046447,eligible,-8.99234287634557,0.29068105975855063,-9.28302393610412,-28.047519605075692,11.36259547915871,10.480832233751917,200,0.38873434815785046,0.09591919226678272,4.158582381722371,7.563146522945455,9.035190615835777,55.47214076246334,3.0836710210610505,0.9941348973607038,0.18181818181818182,0.0,0.0,0.0,0.011730205278592375,2.0,3.6510263929618767,0.906158357771261,0.5823114970793398,-0.155290708566109,0.009698675817576045,-0.02554972504140552,-0.002505128794756058,-0.17727982918114488,-0.05484595331663084,0.10643552536708573,0.04414527602713897,-0.0547360163990035,-0.030504961647441754,-0.02303336583971368,-0.03676999602730702,0.14892817221518845,-0.1628331678008239,0.15751014757715864,0.05103356148192114,0.15753066280884956,-0.08075659751479873,0.1279928784002627,0.023154769727279173,-0.03197361638793486,-0.05485918315610557,-0.035844737709803884,-0.04266001719338274,-0.02730854632599591,-0.015582036255622898,-0.020050570460477413,-0.08053795740869454,-0.061126510188236054,0.02244634915370794,-0.009106243298141145,0.45
text_price,train,5,0,1,10,"1,2,3,4,5,6,7,8,9,10",10,308,264,4652,199,172,2559,126,125,2093,0.8762292555141128,eligible,-2.215579128102845,-1.8368282420242683,-0.37875088607857677,-3.7472335147916405,3.565970692469155,1.7132568276504576,200,0.3967656777790382,0.08018154269594097,3.0165279902945685,7.197197414928964,7.834415584415584,44.26948051948052,3.5041188201560716,0.9935064935064936,0.0,0.003246753246753247,0.0,0.0,0.0,3.324675324675325,2.012987012987013,1.12012987012987,0.229419331125182,0.059803917775995634,0.00817065786194566,0.014384851129013656,0.028647375550520257,-0.029779198925274756,-0.0023350235535889836,-0.16167293290385193,0.27051118314267164,-0.04807719010694679,-0.31577512114953393,0.03039806693880935,0.02317156368590537,0.13164356163622234,0.3723590423541649,-0.35040572114240814,0.14264849396739065,0.13359627465627308,-0.3611579133082844,0.15085642912253658,0.03290622993588664,0.01868684942253557,0.0295816905587369,0.24113943761746975,0.06087967114016538,0.034842108415436564,0.02186472200223691,-0.04415260874356312,-0.058533884090264374,-0.02087900744142934,-0.005339287793202844,0.020218161639006183,0.055
text_price,train,5,1,11,20,"11,12,13,14,15,16,17,18,19,20",10,240,219,3114,154,140,1500,112,111,1614,0.8762292555141128,eligible,-5.223637219460326,2.9338422868079435,-8.15747950626827,-17.88600119777664,3.12492842216405,5.805738710889906,200,0.4446859596225704,0.10174784740991948,3.220722965888347,7.127237526414535,7.7375,44.170833333333334,3.5655095045062155,0.9833333333333333,0.0,0.004166666666666667,0.0,0.0,0.0,3.058333333333333,2.004166666666667,1.0791666666666666,0.23737512834765,0.06726271075598073,0.012514715546906387,0.016332902534489598,0.03450967551286639,-0.016617053398244052,0.0006870679389939877,-0.16731415702686475,0.2688342242269526,-0.04621179861112841,-0.3230210604618356,0.03568354755114712,0.025469758041342952,0.1283904138750903,0.3710545196689531,-0.3430836075074344,0.13678650365838743,0.12713374416150006,-0.34554476282959523,0.13796102493808474,0.030921554753644595,0.013118325859985246,0.02061308686937086,0.1790130288650796,0.04825394094758042,0.027353417257584674,0.04705523405637328,-0.015867398887346416,-0.02177448445393122,-0.04339786842762774,0.007240510354782919,0.018038624987588896,0.155
text_price,train,5,2,21,30,"21,22,23,24,25,26,27,28,29,30",10,197,180,2085,132,120,943,95,93,1142,0.8762292555141128,eligible,-10.356413028878455,8.291671706363768,-18.648084735242225,-35.822927687873005,2.25237230985102,10.060434432378655,200,0.4369984489761186,0.11393770546816867,3.3036103703152087,7.220158394381265,7.7360406091370555,44.3502538071066,3.6269798299186484,0.9847715736040609,0.0,0.005076142131979695,0.0,0.0,0.005076142131979695,3.1116751269035534,2.010152284263959,1.0609137055837563,0.24558696277858247,0.07250564876443728,0.013390833244432635,0.01774337443085035,0.03951353600680573,-0.013120487776457601,-0.0028543101822626022,-0.1729639902988323,0.2730172116791846,-0.049476569754299066,-0.3308620430549133,0.03880622399187078,0.026636511584715545,0.1278454494227205,0.37267936069726354,-0.34673610375946445,0.1323733023478124,0.12630393752243263,-0.3317192395668344,0.12893362465615024,0.030335214337438195,0.004214123508962326,0.0172598174936069,0.15076167364590085,0.035160521636847276,0.022758824067728042,0.05325863858188399,-0.012659873271897479,-0.007904430347013158,-0.04695822001088954,0.00790570911427222,0.011048353830542076,0.255
text_price,train,5,3,31,40,"31,32,33,34,35,36,37,38,39,40",10,160,152,1666,101,97,673,97,94,993,0.8762292555141128,eligible,-12.625481408219724,9.73168123771082,-22.357162645930543,-41.27519837237267,-2.17478027443616,10.38981211382166,200,0.49180708809315393,0.12250634553203368,3.4185290706176246,7.431415160745425,7.5875,43.35,3.5865629199017355,0.99375,0.0,0.0,0.0,0.0,0.00625,3.00625,1.99375,1.00625,0.24038161966064964,0.0726206108404995,0.015949312975424648,0.017333755009056602,0.03984941507716522,-0.012528002010562634,-0.0027144380914600704,-0.1673215731988494,0.26936751150289895,-0.0505386488063273,-0.3273158019587258,0.03690546393402033,0.02683771435050114,0.12974586595899024,0.3701408323743226,-0.34724262303042785,0.13471223279382363,0.12748726602545965,-0.33615408168893535,0.1318082667378462,0.030144317395924807,0.0035199739140202094,0.02065984965493357,0.16939017848863738,0.041981068962367175,0.026697780963552704,0.04481751805901305,-0.02005555165462582,-0.01738594128611045,-0.040973600402291456,-0.0002293937844352445,0.01304754397034757,0.355
text_price,train,5,4,41,49,"41,42,43,44,45,46,47,48,49",9,126,120,1406,92,87,610,90,88,796,0.8762292555141128,eligible,-10.518347198449192,11.91141909821857,-22.42976629666776,-48.27829001640345,2.3207608732411513,13.483993642301293,200,0.49068707494732183,0.13411859813059723,3.4516085929175504,7.480672864009972,7.904761904761905,44.87301587301587,3.5621720419652756,0.9841269841269841,0.0,0.0,0.0,0.0,0.007936507936507936,3.1825396825396823,2.0238095238095237,1.0238095238095237,0.2504542525478316,0.0697237729605271,0.02158189926248297,0.01911725821932997,0.04647133096197585,-0.018047896939270842,0.00038342681913033585,-0.1659334703638598,0.27515273676533253,-0.04800692968349513,-0.3230866559592065,0.03696836363056561,0.030026465788073775,0.1324404814639085,0.3721158515188359,-0.34140740476576437,0.13453996043226768,0.1280104300007124,-0.33086829982850163,0.13296636798502154,0.026277685136958488,0.00926744723160571,0.023355430599966562,0.1801574170961009,0.04107498915140072,0.03219196761806946,0.033767947064726904,-0.045558178819447764,-0.035023197512390775,-0.034175851973702424,-0.015844611511406072,-0.0019625973188772015,0.45
text_price,train,6,0,1,10,"1,2,3,4,5,6,7,8,9,10",10,234,135,4330,113,79,2437,146,96,1893,0.9321300034940784,eligible,-3.895461866364766,3.809653552576119,-7.705115418940886,-14.557350934703223,-2.7504316195771255,3.0051499498060874,200,0.5305766684918308,0.10885895100607017,3.6110747161852648,7.562069718922405,13.423076923076923,83.09401709401709,4.855356457228299,1.0,0.017094017094017096,0.004273504273504274,0.004273504273504274,0.0,0.06837606837606838,5.811965811965812,0.8717948717948718,0.36324786324786323,0.13305216820652463,0.00238006600962148,0.09472355674199545,0.05586560755418367,0.08339581678307154,-0.05873265351961389,0.19812077176544768,-0.13983324283089252,0.26584328476146285,0.025961930862219706,0.026730287589040724,-0.29399113851181563,0.23809098776252063,0.04939975216981284,0.0868977449901768,0.029998952008004173,-0.020683639975268012,0.018448765851925127,-0.057508324942639286,0.01570366443151665,-0.06156313339248433,0.09242885577965716,0.02761217797905902,-0.41866951998367613,0.5319502255496088,0.026207123347653252,-0.1231191395221292,0.053595468135020065,-0.08205407991599357,-0.006702216779485832,-0.21156658411143403,0.04262504703759092,0.055
text_price,train,6,1,11,20,"11,12,13,14,15,16,17,18,19,20",10,310,170,4670,176,118,1903,163,108,2767,0.9321300034940784,eligible,-0.07852050735104976,10.591401334891733,-10.669921842242783,-22.535102513590967,0.5484167489276506,6.1796281646673075,200,0.4888255040855304,0.09569479123763636,3.5197821960003797,7.309343393592349,13.251612903225807,83.0741935483871,4.902670881291082,0.9967741935483871,0.016129032258064516,0.0032258064516129032,0.0,0.0,0.05806451612903226,5.883870967741935,0.9193548387096774,0.3967741935483871,0.1312505160322475,0.007556130779418924,0.10203435604391253,0.05741038722500312,0.09232206707783958,-0.052329394254800765,0.18891610783385265,-0.1393831675609547,0.2648733484432424,0.023867785855358897,0.02217036154820523,-0.2931747399361609,0.23962611408067372,0.05138938942962372,0.08412696164397528,0.0249288115576861,-0.02004900061619141,0.018909794705028387,-0.054640143133355246,0.01502277139540874,-0.061769071000124694,0.08968908178957778,0.027900443223239136,-0.4241099985504305,0.5312852158570435,0.025724580036677634,-0.12191410769008784,0.0535444037462179,-0.0773208302569357,-0.007409989813273328,-0.20983238887630748,0.042005721173486305,0.155
text_price,train,6,2,21,30,"21,22,23,24,25,26,27,28,29,30",10,355,180,5332,216,133,2607,190,127,2725,0.9321300034940784,eligible,-9.847242695240862,8.972487678539993,-18.819730373780857,-34.549838824593365,-3.529662025696386,8.219635845812919,200,0.4971231264859,0.09419648736094671,3.5159351729118273,7.214550982464324,13.284507042253521,83.5718309859155,4.895249512695454,0.9971830985915493,0.011267605633802818,0.0028169014084507044,0.0,0.0,0.0647887323943662,5.997183098591549,0.9943661971830986,0.4084507042253521,0.1346357345974351,0.0091034819822129,0.09796285819019866,0.056401332937175114,0.08968128487692648,-0.05466732963918907,0.18820571299282393,-0.13825954237479118,0.2628202072918669,0.023543585794937958,0.02127403647575245,-0.2870365402273301,0.23467225529083677,0.05126153796012364,0.08309518283748808,0.020860708809047855,-0.019119373217540533,0.019523743460270068,-0.05527406715621348,0.015843291573499226,-0.06277926490728841,0.08869082908717994,0.028350808066893253,-0.4256197374548952,0.5366051520429993,0.02440496327776235,-0.12334397586117259,0.05301293803466162,-0.07837729457100796,-0.007992619967584599,-0.21555404150759605,0.04586438679350446,0.255
text_price,train,6,3,31,40,"31,32,33,34,35,36,37,38,39,40",10,366,186,5678,236,141,2733,218,130,2945,0.9321300034940784,eligible,-8.214598513523752,10.541726726048015,-18.756325239571765,-33.68663897900083,-1.9848513180748837,8.567505017629992,200,0.4998172221284851,0.09364328090990033,3.482428515847375,7.121658655040996,13.540983606557377,84.90983606557377,4.910473236801392,1.0,0.01092896174863388,0.00546448087431694,0.00273224043715847,0.0,0.08743169398907104,6.191256830601093,0.9562841530054644,0.3770491803278688,0.12781676969933642,0.008850157312800613,0.09511093326354313,0.05621789304131861,0.08708722896030124,-0.0553486327474642,0.19021970272609395,-0.13526117270337623,0.2575325376046389,0.025510143098375578,0.026830465215436892,-0.294353026900359,0.23994229301437012,0.04982994922205975,0.07860899635232828,0.024154603412522516,-0.0203189619839345,0.01828148219646736,-0.05600895289202293,0.015525780404870524,-0.06017766395935847,0.08891624152096958,0.02879612940280228,-0.42517407586417727,0.5429228326923528,0.02659588150258404,-0.12490376397572611,0.053486350023193525,-0.08212983888633744,-0.006210897352724139,-0.21787489195098197,0.0439643867771607,0.355
text_price,train,6,4,41,49,"41,42,43,44,45,46,47,48,49",9,289,173,6675,221,142,2923,215,136,3752,0.9321300034940784,eligible,-14.084786932908806,11.812409760458625,-25.89719669336743,-46.270784149429765,-1.7746098441409464,10.915636698605867,200,0.49099740557726873,0.10591461116616227,3.5641743507563697,7.254980685474735,13.26643598615917,83.39446366782006,4.872550987769022,1.0,0.01384083044982699,0.0034602076124567475,0.0034602076124567475,0.0,0.10726643598615918,6.0588235294117645,1.0449826989619377,0.40484429065743943,0.13677319688590445,0.010809090120941445,0.0936322804552472,0.05161005013087301,0.08634986727988453,-0.05570071691573584,0.1889226413690469,-0.13895397503759055,0.2634003711184245,0.024372826585445016,0.021513469853098124,-0.2959598591887126,0.24209631337005794,0.05219748417123664,0.08712127711266342,0.02541003977316477,-0.019163977318531082,0.020035603266013696,-0.05796386442511726,0.017421695700104958,-0.0603219693522642,0.08781032419239229,0.02776030029657488,-0.4126957992268577,0.5325286371767349,0.026303872499959923,-0.12463702212493022,0.05213592068053285,-0.0838410178665134,-0.006798213879012364,-0.2137248130959322,0.04605451057757449,0.45
text_price,train,7,0,1,10,"1,2,3,4,5,6,7,8,9,10",10,524,455,8880,493,429,8090,50,49,790,0.7796134534760506,eligible,0.3965911252257395,3.2465355130159392,-2.8499443877901998,-15.47526458249066,3.783459337937556,5.229186231919352,200,0.1823948014791074,0.07142319311863601,3.4941107438746393,7.086057352822612,9.001908396946565,54.11068702290076,3.47815945716709,0.9980916030534351,0.4637404580152672,0.0,0.0,0.0,0.0,2.013358778625954,3.1927480916030535,0.8282442748091603,0.6335835761303442,-0.14799338001432408,-0.004994664862628609,0.056365576567855416,-0.01066174632103812,-0.20996678422819173,0.01433046933645591,0.005513246857277625,-0.13299576751037773,-0.01423864738213058,0.2341491254531553,-0.10086706432513005,-0.09816799792041382,-0.11972888801088855,0.1614568582161441,-0.14137141234967357,-0.12611918268184408,0.02306562629815109,-0.03405297942310648,-0.014335572812373009,-0.015807129940957034,0.014567114053474897,-0.0002795051870587524,-0.010697588185680045,-0.03752380385979732,0.04172288816703551,0.0030590445144150456,-0.006077868787571509,-0.029800223076871468,0.014903448991586172,-0.018245211221386688,0.0017355783443637608,0.055
text_price,train,7,1,11,20,"11,12,13,14,15,16,17,18,19,20",10,582,495,10358,542,464,9227,68,67,1131,0.7796134534760506,eligible,2.699448151071455,0.22607860296074517,2.4733695481107096,-11.593253093173123,13.714396666024259,6.3422155475639,200,0.23516070181543133,0.07677933286757146,3.67512873365012,7.20080780038803,9.003436426116838,54.18556701030928,3.4752959144711717,1.0,0.4020618556701031,0.0,0.0,0.0,0.0,2.008591065292096,3.2336769759450172,0.8178694158075601,0.6177241739414029,-0.1516413296445361,0.0017176647125703634,0.044055501011369784,-0.015151545351915216,-0.1988361802249474,0.014411764971250306,0.0013590061378894814,-0.13701867088605746,-0.01528487220800774,0.2331029007884168,-0.09402081382773057,-0.09161842302970089,-0.10925870821642968,0.15733389519121654,-0.13863189707765378,-0.13809165418500913,0.015575197182125798,-0.03555502189338912,-0.022323237614374714,-0.00960895464418232,0.017884846117119206,-0.008841047005380246,-0.005714524253008048,-0.03648068660238404,0.03781924239699653,0.0012176961006428624,-0.006576760104688683,-0.033377889627110774,0.01243246936780265,-0.015223350178867529,-0.002253993838171505,0.155
text_price,train,7,2,21,30,"21,22,23,24,25,26,27,28,29,30",10,617,527,10991,573,484,9544,95,94,1447,0.7796134534760506,eligible,2.807821567336719,-0.08776717958198871,2.895588746918708,-14.042276729944527,18.042895037061225,7.998356151133683,200,0.2988971230077515,0.08141439429759387,3.721450959696621,7.195497299157316,9.001620745542949,54.17828200972448,3.480569061768413,1.0,0.36304700162074555,0.0,0.0,0.0,0.0,2.006482982171799,3.228525121555916,0.7957860615883307,0.6068549923791192,-0.15617203577724334,0.007014923124265228,0.03777890945303303,-0.019650653282135028,-0.19651734124216474,0.017039779589073527,0.0034789848241785913,-0.1385260627999104,-0.015955890986448323,0.23470465535461676,-0.08867452725866112,-0.08464832001252871,-0.10930063258873714,0.15586752886343164,-0.13669581566323874,-0.14246265479307743,0.012988898159651213,-0.04206207107693173,-0.019160079962131968,-0.012206211597825926,0.013080841294672563,-0.012613681449980303,-0.003732544263942329,-0.03688825120751753,0.0362589984585206,-0.0036026688008789936,-0.0010653735232026846,-0.036410676029839724,0.014910051333885666,-0.013726928381704234,-0.0038098102588522906,0.255
text_price,train,7,3,31,40,"31,32,33,34,35,36,37,38,39,40",10,520,464,10560,489,434,8823,118,117,1737,0.7796134534760506,eligible,-0.8394019871229202,-1.8750812996098807,1.0356793124869603,-14.118137581230608,13.903976637607116,8.14122369260523,200,0.3487969672354297,0.08660431713518407,3.7829501325762074,7.194131927334147,8.996153846153845,54.223076923076924,3.484230769230768,1.0,0.3326923076923077,0.0,0.0,0.0,0.0,2.001923076923077,3.2596153846153846,0.7961538461538461,0.6013719325551328,-0.1565914649584667,0.012545263868243103,0.032765625338204055,-0.023534023973442595,-0.2010525140768168,0.018856537980828,0.006200613737752893,-0.13935383589882142,-0.0174281628981122,0.23668795218856425,-0.08734959534468734,-0.08332867012590872,-0.11243807270325623,0.1558656136832782,-0.1352372238496203,-0.14199140198390128,0.011310179187809027,-0.042269209899676224,-0.013263670814047303,-0.01672416966172391,0.009805971229582532,-0.014732152041021684,-0.0016232815316688692,-0.03513058220219082,0.03246835221886054,-0.002923358352388179,0.002024356055177103,-0.03612144156468156,0.014875272977450192,-0.015837340140741306,-0.006462839016691618,0.355
text_price,train,7,4,41,49,"41,42,43,44,45,46,47,48,49",9,349,322,7146,315,291,4890,196,192,2256,0.7796134534760506,eligible,-0.9626901371924006,-2.6474297504010296,1.684739613208629,-15.708099430841546,20.651620705373677,9.568431130203319,200,0.3893177603079735,0.09562117650454414,3.9206852022934107,7.350301355517842,8.968481375358166,54.10028653295129,3.503342884431709,0.994269340974212,0.3524355300859599,0.0,0.0,0.0,0.0,1.994269340974212,3.2521489971346704,0.8051575931232091,0.6092744170373613,-0.15011623840860946,0.010892321903213358,0.03887591095235963,-0.02144054304847582,-0.20719927100410987,0.017600341130942176,0.0039271045043182354,-0.13978973849432846,-0.007131092227581531,0.23472485574158883,-0.09206766090203936,-0.08765768232428855,-0.11952904999398276,0.15893139374025475,-0.13740508384735703,-0.13688147489796415,0.016908855816575107,-0.045642320997885434,-0.012449685322601843,-0.02108181068881637,0.008205532227525266,-0.018885563999911294,-0.0030096222922851973,-0.03599290702854469,0.0250491312390057,0.0017704007510224182,0.0039561118155621786,-0.0311960343322913,0.012269346036946472,-0.021414461895525615,-0.00893338821294538,0.45
text_price,train,8,0,1,10,"1,2,3,4,5,6,7,8,9,10",10,153,134,2067,87,81,1290,72,66,777,0.8254644519686776,eligible,-2.5348407439814946,-2.52383927605994,-0.011001467921554695,-5.209377057333322,4.767854798119749,2.6721976268979457,200,0.45163489009445534,0.07340966599590956,3.015262070146518,7.296808668019415,10.313725490196079,65.43790849673202,4.395010307092198,0.9869281045751634,0.6797385620915033,0.0,0.013071895424836602,0.0,0.0,2.0,1.7647058823529411,0.477124183006536,0.23049675596326705,0.07893810961588067,0.032205499781256315,0.23110620531347564,0.02176857786236051,-0.08237471678877195,0.24482631307932043,-0.04948869857631913,0.01089880769711367,0.010339328347338072,-0.11917190187152851,0.02731377651771051,0.013550313195201056,0.006194244461929828,0.23263181185802834,0.2784295787326514,-0.004897615105724748,-0.031512486143338465,0.012989519705411914,0.05876531455133674,-0.32655670164216205,0.45019514755659373,-0.09068124458847439,-0.03766053719327649,-0.12503805531320028,0.030342243721289828,-0.05942458979244369,-0.08286654590503939,-0.014785090312456253,0.0007383329233890732,0.01384485244363489,-0.007717581506830731,0.055
text_price,train,8,1,11,20,"11,12,13,14,15,16,17,18,19,20",10,177,160,1779,94,88,1167,89,85,612,0.8254644519686776,eligible,-7.628872683971818,-3.3732191268035576,-4.255653557168261,-12.737037182750038,4.191948980732189,4.872614818379039,200,0.48360132255742116,0.08033329762652702,3.100120718647526,7.02830176617135,10.03954802259887,63.75706214689266,4.390372159689208,0.9887005649717514,0.6779661016949152,0.005649717514124294,0.01694915254237288,0.0,0.0,1.8926553672316384,1.7514124293785311,0.4519774011299435,0.24415673105132774,0.07336864416578526,0.012467278665962141,0.23225038540572696,0.019331433266521154,-0.08527149098301044,0.2537174991918452,-0.05408806335100166,0.013371467211652529,0.0097933509287038,-0.12626087840643904,0.03654101137022368,0.017053344710626358,0.009351607155644035,0.2355980962735943,0.2745220398217009,-0.006003465673830673,-0.02823272903136257,0.01376273483555181,0.06611366949466255,-0.32472225216391387,0.45203520704121863,-0.08685961212629412,-0.03664297997535061,-0.12802577281744654,0.020153740039043494,-0.03906061906342649,-0.07737664585988709,-0.0208595029971876,-0.012473754073090777,0.007764952127673126,0.0005160935692337414,0.155
text_price,train,8,2,21,30,"21,22,23,24,25,26,27,28,29,30",10,165,147,1796,95,88,1003,82,75,793,0.8254644519686776,eligible,-6.558965457521906,-4.863258034109952,-1.6957074234119545,-22.526496143451038,16.720117167384938,10.40695716269193,200,0.47822577268750255,0.08259631280394984,3.2452747754033338,7.114409668000468,10.127272727272727,63.71515151515152,4.3511195973762815,0.9878787878787879,0.6848484848484848,0.006060606060606061,0.006060606060606061,0.0,0.0,1.915151515151515,1.7212121212121212,0.43636363636363634,0.25505259615813874,0.06936160214367561,0.004134256559515678,0.22983984895093953,0.013430964530664348,-0.08006840193338619,0.25456293008718817,-0.05647859165112846,0.01125865238405279,0.01088136511245971,-0.12280655507239169,0.038395099575299484,0.01656277599932657,0.007035637619903919,0.24012763284257466,0.2759187036285264,-0.008033241832215935,-0.023956106887119397,0.008121698033234852,0.069804841264619,-0.3190015269568398,0.453818092365594,-0.08628890367727284,-0.040592618460727654,-0.1270035240683765,0.026227590834859097,-0.04309134695118759,-0.08066052276799138,-0.025595673593628215,-0.011165549243767689,0.006750240524818815,-0.0015444851153922712,0.255
text_price,train,8,3,31,40,"31,32,33,34,35,36,37,38,39,40",10,174,157,2956,96,88,1809,108,101,1147,0.8254644519686776,eligible,23.51802878280164,4.781068236232771,18.736960546568866,-41.94402688704232,51.06238469855999,27.29671883381007,200,0.5062388917942878,0.08250447532396273,3.192005168933188,6.937704383332023,10.350574712643677,64.80459770114942,4.3593918711819315,0.9885057471264368,0.6091954022988506,0.005747126436781609,0.011494252873563218,0.005747126436781609,0.0,2.0344827586206895,1.7586206896551724,0.45977011494252873,0.2611556179483484,0.0705911490935398,0.013995994670527374,0.22518224979008195,0.0181483078583917,-0.08731840253672284,0.259632091350044,-0.06201982786644694,0.019412988855097336,0.008800018450470395,-0.13430533272011103,0.043554132116181775,0.016490155679134543,0.009816354482441397,0.24218256825234244,0.2713099070559864,-0.006312357608017727,-0.02348100597749785,0.004519641307114132,0.070477548588832,-0.3135160659669976,0.45045828413110967,-0.08294671345397646,-0.05171098403377142,-0.11961321553509346,0.021986110769160884,-0.044466051792968135,-0.0839824204238835,-0.01894258588305236,-0.01884677934907327,0.015211342365738968,-0.00042944366999876014,0.355
text_price,train,8,4,41,49,"41,42,43,44,45,46,47,48,49",9,124,116,1761,84,79,844,94,90,917,0.8254644519686776,eligible,-11.437135447418251,14.4793713344456,-25.916506781863852,-53.39148774362301,3.1038804271298837,15.265505888189061,200,0.5129995997760068,0.08824013952815886,3.214075756732105,6.939972615390231,10.5,65.91935483870968,4.3639627753123955,0.9919354838709677,0.5967741935483871,0.0,0.008064516129032258,0.008064516129032258,0.0,2.193548387096774,1.8064516129032258,0.49193548387096775,0.25009753086932146,0.07293939464790922,0.022838502697854594,0.22305446317648267,0.015056680819164161,-0.08518959229304886,0.2549686608522412,-0.05890135824908196,0.020464704636834825,0.00827284500733246,-0.12567426449465036,0.03666861138393357,0.01017628114988006,0.008544858108385785,0.24101007193829443,0.27722480402500677,-0.004056553635545126,-0.02475945102215658,0.004062451114890404,0.07298017499150986,-0.3101289524723757,0.44015682936880524,-0.079224948686245,-0.042826196273389974,-0.11360559342164617,0.025489580369761438,-0.04133465598390944,-0.07909512944490177,-0.006379014327864807,-0.010592837233647158,0.018707058901372805,-0.003429799230649194,0.45
text_price,train,9,0,1,10,"1,2,3,4,8",5,52,35,289,29,25,173,31,21,116,0.9877014570628516,eligible,-1.9304347826086956,9.069014390678664,-10.99944917328736,-19.88667043740573,2.529205366357068,5.90088032656863,197,0.508983737606739,0.16358327920070478,2.7665523892783734,6.99625262832356,5.5576923076923075,34.82692307692308,4.490750915750916,0.9615384615384616,0.9423076923076923,0.0,0.9807692307692307,0.0,0.0,1.2884615384615385,0.9807692307692307,0.019230769230769232,0.024306994793920407,0.004613521000946355,0.4181744987819033,0.387342232210889,-0.3787898356666553,0.05901199464112022,-0.12654629911216328,-0.012062549295040092,-0.01636012825246144,-0.02036238246180918,-0.08159167735399692,0.06320969363960373,-0.10471951044038083,-0.010088550372764933,0.4263629062368644,0.44298419132026806,-0.060884744773270834,0.03198646787118863,0.029632390651777894,-0.013120163768165691,0.16060664206859387,-0.2163837702171629,0.03383061063840578,0.012196185872771813,0.09235863966537693,-0.038379020757407796,0.025821419902739142,0.042805638538438474,0.0009471952500332704,-0.011536757541959097,0.03073542445336397,-0.00825313081494841,0.036000000000000004
text_price,train,9,1,11,20,,0,0,0,0,0,0,0,0,0,0,0.9877014570628516,insufficient_support,,,,,,,0,,,,,,,,,,,,,,,,,,,,,,,,,,,,,,,,,,,,,,,,,,,,,,,,,
text_price,train,9,2,21,30,"21,23,25,27,28,29,30",7,39,30,328,21,19,239,21,17,89,0.9877014570628516,eligible,-21.164162368244003,1.779220779220778,-22.94338314746478,-49.86909075224293,-5.319779426922285,12.035136398788081,196,0.4889061978123633,0.09528242221022706,3.2096316274243963,7.67220294149919,5.6923076923076925,34.282051282051285,4.273382173382172,0.9487179487179487,0.8717948717948718,0.0,0.9230769230769231,0.0,0.0,0.9487179487179487,1.0256410256410255,0.07692307692307693,0.04084457988784049,-0.004309242881638715,0.39141975888408137,0.3713116362830074,-0.36205577779128095,0.04383964418223365,-0.09622054435251745,-0.011871520635185063,-0.017948128430177426,-0.019422159928768723,-0.08624908863535155,0.06342975114702208,-0.10492644830613215,-0.010463409843066374,0.4378830921507363,0.45699711254809683,-0.06370424615760839,0.031246079202771036,0.02949683430469504,-0.01159877521078419,0.1546934640371458,-0.20861441680369763,0.03169578364372225,0.008385168459641806,0.09284020258182556,-0.040718811909784026,0.02329395090107339,0.03785934249846887,-0.000747239292667528,-0.013391159582931867,0.03414845430921159,-0.008197012889145667,0.2614285714285714
text_price,train,9,3,31,40,"31,32,33,34,35,36,37,38,39,40",10,96,79,700,57,50,450,50,44,250,0.9877014570628516,eligible,-19.07654395068631,18.876450862518972,-37.95299481320529,-59.23086074343428,-8.044677462413466,14.810724718460435,200,0.47411919540114883,0.08215073892434553,2.9216486176186423,7.32555553321212,5.614583333333333,34.34375,4.352380952380952,0.9895833333333334,0.9479166666666666,0.0,0.96875,0.0,0.0,0.9583333333333334,1.0104166666666667,0.03125,0.02490955049454945,-0.00012955039436347987,0.40654369682079766,0.3787483796072437,-0.372688061830941,0.04996302908641914,-0.11135765392747503,-0.010278080790039853,-0.019983174765370284,-0.0202509441968405,-0.08283367614535823,0.0637416089309403,-0.1058186634918038,-0.011738625256112913,0.43434242635003617,0.44674734892527007,-0.06362685407814218,0.0314126996427443,0.03138189313943653,-0.014800365459244694,0.15926359636885962,-0.216229734098947,0.03433699841463175,0.010873449307327454,0.09411840114552845,-0.03842899341107403,0.025296286721429705,0.04290442514682725,5.224407223543224e-05,-0.011431651888507826,0.0356248124666217,-0.009659348605295997,0.355
text_price,train,9,4,41,49,"41,42,43,44,45,46,47,48,49",9,142,120,3490,103,92,1507,101,91,1983,0.9877014570628516,eligible,-12.81747758003173,21.359887482695076,-34.17736506272681,-55.14670634805669,0.00878155724281772,13.94689421087249,200,0.5004253463707968,0.06950062809413383,2.9360765207210733,7.234293033700371,5.556338028169014,34.570422535211264,4.416398390342054,1.0,0.9929577464788732,0.0,0.9929577464788732,0.0,0.0,0.9577464788732394,1.0070422535211268,0.007042253521126761,0.01688914511816606,0.0043239660707438685,0.42679697377749065,0.3933818766470643,-0.3855240224887789,0.05789391596349299,-0.12267092913093523,-0.008311826982825498,-0.021097064836659022,-0.021300679352407058,-0.08550273200197414,0.06438141971974053,-0.10296813016114417,-0.009439437680620012,0.4208975651648661,0.4365737757183208,-0.05948777991864918,0.030629413612800357,0.031690744614511435,-0.015873669524361707,0.16094965398053862,-0.21923556632795813,0.03462258145526112,0.01417941443461987,0.09073789554706559,-0.03882975486186818,0.026021012358619696,0.04416402331466817,0.001381526405510179,-0.011632863250982515,0.02813398016337883,-0.0059376293424689515,0.45
text_price,train,10,0,1,10,"1,2,3,4,5,6,7,8,9,10",10,557,451,18315,539,443,17861,30,30,454,0.7113753978759086,eligible,-2.062803898644581,3.3417936506718218,-5.404597549316403,-19.764779591442952,1.417469519090863,5.130475703268817,200,0.13702153362855762,0.05346496131854689,3.883098106412628,7.553834007103246,9.053859964093357,58.43447037701975,3.397943651554881,1.0,0.3859964093357271,0.0,0.0,0.0,0.003590664272890485,2.03770197486535,3.5529622980251347,0.9964093357271095,0.6181267643920443,-0.09397335837155722,-0.013212943477950628,0.029996879724222044,0.031344565129896175,-0.1438449617316534,-0.10712723836114496,-0.1028548020300927,0.07571741976825563,-0.0722384015853874,-0.11284391520694739,-0.011118193459977712,-0.03529585137102533,0.013243314070106947,-0.00657304588226325,-0.03391141314432032,0.04029398577129811,0.006499615721547747,0.10214528555367547,-0.03880671490061383,-0.08979780278923791,-0.03190908554098835,0.01246813566610987,-0.010442150943386092,-0.0025343539038376506,-0.06435413097532502,-0.01878499120225232,0.10609022477131885,0.13523797464216872,0.07096953099746693,-0.0015915286154026369,0.0710354617033309,0.055
text_price,train,10,1,11,20,"11,12,13,14,15,16,17,18,19,20",10,524,425,16189,505,414,15357,39,39,832,0.7113753978759086,eligible,-3.2192097858529154,-1.0592314004019636,-2.1599783854509518,-18.14437507971826,9.803611132949374,6.927038990048134,200,0.21669427107371975,0.06998733367823494,4.339629940887026,7.970909215171956,9.085877862595419,58.72709923664122,3.3907928773085456,1.0,0.26717557251908397,0.0,0.0,0.0,0.0019083969465648854,2.0763358778625953,3.6793893129770994,1.0057251908396947,0.601486596829043,-0.09835530569723262,-0.0017184042179929871,0.012259170456456284,0.02502304099716909,-0.14793987605189168,-0.10561874639094623,-0.10782234720670343,0.07177904803132563,-0.07038957851555662,-0.11348013718160747,-0.007494796412952431,-0.03247539823226387,0.011421855200959946,-0.005685018048709457,-0.030867167494617383,0.03492997842139323,0.008419304482721152,0.09927576612892303,-0.03692605109073261,-0.09262765120325296,-0.027359311012953063,0.012105194532614634,-0.012507759703404843,-0.005917568595492065,-0.07760291103440078,-0.010368600324145091,0.10245087250217118,0.12857787394492892,0.07020272184504421,-0.0030872656980475252,0.06420818293443498,0.155
text_price,train,10,2,21,30,"21,22,23,24,25,26,27,28,29,30",10,510,418,15837,489,404,14449,56,50,1388,0.7113753978759086,eligible,-4.148599344046885,-3.696824313419296,-0.45177503062758945,-21.199726094172373,15.462059359518973,9.441768711737293,200,0.2808348248882998,0.07473367730241709,4.472270197739142,8.052141226046082,9.08235294117647,58.5921568627451,3.400740552113101,0.9980392156862745,0.2,0.0,0.0,0.0,0.00392156862745098,2.06078431372549,3.656862745098039,0.9882352941176471,0.5881753920754379,-0.10271110455762064,0.005602967630549168,0.0008157005127079824,0.020986432721586453,-0.15166391067884605,-0.10222703844202143,-0.11483204519884936,0.07288183086802173,-0.0709482622991035,-0.11396010778950744,-0.009722127047043845,-0.031018734350247275,0.010121177573934131,-0.007667139302119967,-0.02886883626500448,0.027527559620490593,0.00670469611938302,0.10517317252738545,-0.032503480331430995,-0.09826137880399956,-0.03006452197750874,0.014345781169446827,-0.00974696083004826,-0.0013497379260930362,-0.08142122798330662,-0.01043998008315469,0.09870991176304095,0.12172752231541831,0.07147800897309609,-0.0047258818617717385,0.058287543891076245,0.255
text_price,train,10,3,31,40,"31,32,33,34,35,36,37,38,39,40",10,442,375,16496,430,366,14738,89,84,1758,0.7113753978759086,eligible,-1.414526383326521,-7.887194181432265,6.472667798105744,-9.197790861118696,19.505800459675896,8.16588852032378,200,0.331424452717295,0.07771489497956668,4.553585202040105,8.09015319291322,9.099547511312217,58.984162895927604,3.4197602506426032,0.995475113122172,0.17420814479638008,0.0,0.0,0.0,0.006787330316742082,2.0588235294117645,3.6990950226244346,1.002262443438914,0.5816355761915442,-0.10392448819910942,0.008244784357902706,-0.004132808387319621,0.019602664665383622,-0.15205620541289872,-0.10361549526272223,-0.1121329851891868,0.07308163645571678,-0.07015217802179503,-0.11630930560554963,-0.012062107900138102,-0.03275146688177818,0.007782023067488274,-0.00861803005728051,-0.02886837664643425,0.03151340668581694,0.0064197128076067,0.11231041298001532,-0.03785273355361355,-0.09974955112029428,-0.03260784248205131,0.007093930783568768,-0.009447985302049936,0.004476343410774642,-0.08391291793621371,-0.003283708902357823,0.08921100010568397,0.11261146506357307,0.07889344080546733,-0.004592255692898087,0.05275477781342099,0.355
text_price,train,10,4,41,49,"41,42,43,44,45,46,47,48,49",9,310,268,12692,302,262,8468,161,147,4224,0.7113753978759086,eligible,-2.349298925059567,-3.3854146078112524,1.0361156827516858,-24.644276186480504,22.223779393642598,11.544874777008333,200,0.37072129780783103,0.08692032893644616,4.622380155040984,8.148755696554833,9.05483870967742,58.79354838709678,3.4143613554903873,0.9903225806451613,0.15161290322580645,0.0,0.0,0.0,0.0032258064516129032,2.0516129032258066,3.7516129032258063,0.9903225806451613,0.5817972434277396,-0.10647754068685229,0.011604286936715582,-0.010117864952099959,0.014920700109471408,-0.15315287989437174,-0.10262159709658224,-0.10989687122296453,0.06923333927702123,-0.06915495746526311,-0.11362350377421337,-0.011664797940026199,-0.03824075219489701,0.007470911933741854,-0.015283046760550778,-0.025648668533820963,0.031939673046881195,0.010577683887447118,0.11165789753147141,-0.02976645024780801,-0.09722305844364992,-0.030344449309315652,0.0005294076734025424,-0.0038442973162285776,0.008268411702533921,-0.0850907286910881,-0.004123191235675619,0.09727744470220044,0.11169422368305601,0.09092231075406641,-0.007603417312740281,0.05490860216346139,0.45
text_price,train,11,0,1,10,"1,2,3,4,5,6,7,8,9,10",10,154,106,710,87,68,394,82,62,316,0.9169754807666984,eligible,4.462785575169476,11.163980453454137,-6.701194878284661,-21.23601927990103,8.684420214364817,7.464577586028083,198,0.48630388994314316,0.1321952072736977,2.9589287940514706,7.659973044011448,6.214285714285714,40.24025974025974,5.421204390847247,0.045454545454545456,0.0,0.0,0.0,0.0,0.0,4.194805194805195,0.06493506493506493,1.1948051948051948,0.02495858185644163,0.027060338565317088,0.6420676489797849,0.4279347316284735,-0.17671458250487462,0.08638175335927928,-0.09080151043637039,-0.00926656062268816,0.058760126838828926,0.015529223147398455,0.07053149549759438,-0.038871005716226155,0.06421603082721807,0.017036981448132312,-0.2927989339444354,-0.26166946098192034,0.046823998599539125,-0.008275243732236336,-0.013937910132246998,0.0046672941480632715,-0.10146073076242532,0.13557839198588495,-0.009664006566847362,-0.02448287680748489,-0.0403039955450899,0.021782510778442014,-0.009596227968856643,-0.002673351789268762,-0.0032473784620869342,-0.007097183636735225,0.006583952627528235,-0.020529102178501523,0.055
text_price,train,11,1,11,20,"11,12,13,14,15,16,17,18,19,20",10,158,112,942,92,73,573,80,69,369,0.9169754807666984,eligible,-6.5471445117642775,0.5196196263920089,-7.0667641381562865,-16.624372914094995,6.526741975165351,6.220358900028055,197,0.4680514750183362,0.09921022586516146,3.0478008988670173,7.532417444042796,6.424050632911392,41.74050632911393,5.42319419328913,0.11392405063291139,0.0,0.0,0.0,0.0,0.0,4.417721518987341,0.0759493670886076,1.2531645569620253,0.023574123675556655,0.027914614867888,0.6407642104846775,0.42993203034161487,-0.17323997548107103,0.08122422063889607,-0.07341345282967482,-0.012389934619125124,0.07026853446266565,0.017772288785081542,0.0751880114056474,-0.030901183686272825,0.06130741118450247,0.01696465247445121,-0.30125913574886465,-0.2630218415420897,0.046982681887078985,-0.01232569277329521,-0.01637962754899023,0.0033013870551477833,-0.09908271222608563,0.13665251907808582,-0.012124469255692178,-0.027371215034266816,-0.03893662715457365,0.02315821805954624,-0.013082761797205529,-0.0008604791205970082,-0.00176142363524008,-0.005589540855057564,0.01496063131143954,-0.026210524075809104,0.155
text_price,train,11,2,21,30,"21,22,23,24,25,26,27,28,29,30",10,171,119,1254,103,80,686,86,69,568,0.9169754807666984,eligible,-7.174787148244836,11.569745197083552,-18.744532345328388,-41.667726541971675,11.273889176242099,13.2260840485244,200,0.48390945932752044,0.10414863807392699,3.066725876379277,7.510252592074519,6.16374269005848,39.654970760233915,5.4065998329156235,0.07602339181286549,0.0,0.0,0.0,0.0,0.0,4.152046783625731,0.04093567251461988,1.152046783625731,0.02218006892606784,0.024447088269313164,0.6428477710449081,0.44038945410178704,-0.20487762445025925,0.09177432732276013,-0.09526184542000839,-0.005697965076774427,0.05494030298648171,0.014433385492642142,0.06677702609696304,-0.03424913700796948,0.06605276124231109,0.019497475725595646,-0.3056938360998159,-0.2726973482977314,0.04966600052574242,-0.011533085729711106,-0.017155481541677862,0.008278224743742011,-0.10214152922285172,0.13828967350618893,-0.014764660070745195,-0.016447829383269327,-0.04788981067616569,0.019543769320684492,-0.01228851466355185,-0.006627344583768897,-0.0026438051766195666,-0.005268642468632684,-0.0021889717707803407,-0.01305078964304883,0.255
text_price,train,11,3,31,40,"31,32,33,34,35,36,37,38,39,40",10,198,133,1445,127,90,904,113,86,541,0.9169754807666984,eligible,-4.497611376984115,8.417502822724291,-12.915114199708405,-31.020400550321995,12.184521103936778,11.452343393126553,200,0.4987314235147159,0.10321748718695424,3.027601258395268,7.507406202806331,6.1767676767676765,39.66161616161616,5.393112583264098,0.03535353535353535,0.0,0.0,0.0,0.0,0.0,4.156565656565657,0.030303030303030304,1.1414141414141414,0.022228844503087524,0.024775470681216535,0.6438938239075845,0.4383493253311246,-0.19969436232457577,0.08972940869911976,-0.10028828594303688,-0.0057910068424943785,0.0525515695559406,0.012563946696986943,0.06589145704472776,-0.039177020359518,0.06758580256040027,0.019563680260421264,-0.30334950595717525,-0.27586043050585923,0.049993244181455884,-0.010432054114138552,-0.019084577177023315,0.00889577331564011,-0.10434768133288794,0.1405559937222114,-0.012697724163791382,-0.01960338983408928,-0.0471846496441937,0.021693895023592317,-0.0105774235869372,-0.007836280320032734,-0.002519356813362521,-0.004408220735043153,-0.0031280573041265703,-0.013168554187643724,0.355
text_price,train,11,4,41,49,"41,42,43,44,45,46,47,48,49",9,257,186,5376,205,158,2784,190,144,2592,0.9169754807666984,eligible,-10.46555055385916,7.242382728892342,-17.707933282751505,-32.959472669464816,0.5347648363630845,9.229311014605788,200,0.5022123303269622,0.09147024553073553,3.0394421810158945,7.586495261337373,6.0,37.83268482490272,5.301815823605708,0.042801556420233464,0.0,0.0,0.0,0.0,0.0,3.9844357976653697,0.0311284046692607,1.0700389105058365,0.018962649317907334,0.021592149951550576,0.6489352920431233,0.459241884874434,-0.2484301250554563,0.09403109332473099,-0.1281097911813334,-0.0044986623099805955,0.045904030050864936,0.008248417049634842,0.06560839491312388,-0.038482517233141056,0.05907835708750042,0.017996146489972886,-0.3025454604207692,-0.2737930811162024,0.05060789499550599,-0.011944472158973459,-0.024689058290346382,0.011938810908166925,-0.10004150626542457,0.13950528664665557,-0.01738795484274506,-0.006712823964740688,-0.05917059238472464,0.023598641292503966,-0.012739311825925503,-0.017666887175782586,-0.009633698732856643,-0.003541041456164644,-0.02171211448370859,-0.0012515016530576725,0.45
text_price,train,12,0,1,10,"1,2,3,4,5,6,7,8,9,10",10,662,377,5873,346,252,2853,371,244,3020,0.8922767828922825,eligible,-0.6005412539453263,4.287409880775499,-4.887951134720825,-12.020328896155425,3.0934918562113753,4.031151229350729,200,0.508576574774065,0.1264251422215402,3.2839471822222586,8.029855007707726,4.385196374622357,33.15558912386707,4.223518362302349,1.0,0.08006042296072508,0.0,0.0,0.0,0.0,1.1042296072507554,2.2084592145015107,1.0483383685800605,0.3573491026584752,0.7209965148844563,-0.22456170014514992,0.297907550706973,0.08373983151697002,0.043059359029558944,-0.04667063339649099,0.004206698195520834,0.0031287405265450433,0.00973063989422251,0.038482305033135766,-0.0015500363602333103,0.0010952654646534763,-0.004549221223247485,-0.023443889560939603,0.016769515743861586,-0.009223524345322271,-0.003091020689139123,0.0025457221159847928,-0.010423574985223831,0.019230796557713148,-0.012244470568719624,0.00852554662587118,0.002041569114565592,0.011409295466782867,0.008538802334573133,-0.024352682656957794,-0.02350274543246903,-0.008266639877769318,0.00019930971100403475,0.01473981559036141,-0.011818531339248196,0.055
text_price,train,12,1,11,20,"11,12,13,14,15,16,17,18,19,20",10,723,411,6990,409,296,3269,423,288,3721,0.8922767828922825,eligible,-6.1030072529997055,-0.1519137881732241,-5.9510934648264815,-13.338006129919018,1.6259733127690033,3.914637647031001,200,0.5068998659273208,0.13012593403451367,3.349051575830898,8.10962467489747,4.4246196403872755,33.387275242047025,4.219535904390676,1.0,0.08437067773167359,0.0,0.0,0.0,0.0,1.1286307053941909,2.228215767634855,1.0594744121715076,0.3595023930798194,0.7204641960688155,-0.22698893841427334,0.30501718079399165,0.0903276051093757,0.04487246299321057,-0.04907183006570457,0.0030154049017695928,0.00813602437050753,0.008119832545610802,0.03228588903340415,0.0021758185694991127,0.003971816463420123,-0.0018358735161012186,-0.018474613543036963,0.010119781067391287,-0.009877681389453236,-0.0024062709831289123,0.006115877589565159,-0.012409959350065844,0.019147546413866148,-0.017181690037820996,0.006536041614562756,-0.005825043341359452,0.005172620825771579,0.010042990653462081,-0.022736523813871614,-0.024891365498594522,-0.008396927017695748,-0.0017801382126079667,0.011681691372570559,-0.019508578752488858,0.155
text_price,train,12,2,21,30,"21,22,23,24,25,26,27,28,29,30",10,701,424,8507,426,302,4011,450,319,4496,0.8922767828922825,eligible,-7.486221518271859,3.4260663797525672,-10.912287898024426,-22.86834141451815,1.4270944796050302,6.276177402019408,200,0.5114317618812648,0.13693383817925486,3.3979196497189337,8.074097294505123,4.423680456490728,33.43937232524964,4.229216971014403,0.9985734664764622,0.08416547788873038,0.0,0.0,0.0,0.0,1.1312410841654779,2.2282453637660486,1.0613409415121255,0.3584751547491329,0.7162414286268546,-0.22787308850806548,0.3085815622458402,0.09410838668452053,0.04443006545035397,-0.05101197849047264,0.004112879180881825,0.010038728557765962,0.007403056961705298,0.029643474304248376,0.002227547301232749,0.0032493944831412974,-0.0008967893712251996,-0.016937321033467893,0.008188078695835736,-0.010330857015520277,-0.00018425751760361785,0.005398118916730686,-0.011924408140282455,0.016348945648801703,-0.01794830547647868,0.007755649843970226,-0.002986709239744411,0.004206683068692145,0.006361057198982647,-0.018215463375086574,-0.023662479289397114,0.0033117341044238274,-0.0012661835406338497,0.00737574240478845,-0.025887395953125957,0.255
text_price,train,12,3,31,40,"31,32,33,34,35,36,37,38,39,40",10,646,413,10658,452,320,4858,469,331,5800,0.8922767828922825,eligible,-5.984596808556605,9.413065739805676,-15.397662548362282,-32.96185777973631,-0.8166870206327779,8.357168280007237,200,0.503646767758396,0.1449577538516286,3.4510851311141884,8.133503155320168,4.348297213622291,33.040247678018574,4.246178838361502,1.0,0.07430340557275542,0.0,0.0015479876160990713,0.0,0.0,1.085139318885449,2.196594427244582,1.0557275541795665,0.35813481832804,0.7167688288276982,-0.23271069975002465,0.31141994595752037,0.09204700443252888,0.04696132430089715,-0.05283191579688889,0.003713992051476894,0.010356317839424508,0.0066184633471101295,0.027026679979914234,0.003170744325298338,0.003998228202671479,-0.001141895469363812,-0.01474819720297117,0.006119696849466908,-0.010257298242014323,2.2196395936828343e-05,0.003714798704999529,-0.011953421136610859,0.01699858198283068,-0.01890314068661204,0.006728439424977711,-0.0009126898374921935,0.00251630677572369,0.00325431934175374,-0.016563788979508436,-0.024890311861789215,0.0075839166054368174,-0.001799832475246301,0.003940252082855526,-0.02951630629786003,0.355
text_price,train,12,4,41,49,"41,42,43,44,45,46,47,48,49",9,562,382,12869,477,339,6322,476,331,6547,0.8922767828922825,eligible,-4.38614647363532,8.6193114258741,-13.00545789950942,-30.445376431685617,7.227043288574594,9.836018268771923,200,0.5055015453058519,0.15507156414870146,3.5657957919701437,8.235294429581486,4.314946619217082,32.80960854092527,4.249918157169047,1.0,0.0693950177935943,0.0,0.0017793594306049821,0.0,0.0,1.0765124555160142,2.1814946619217084,1.0480427046263345,0.3586804302359981,0.7166710156403956,-0.23404405947901144,0.3109462855229759,0.09046812588051391,0.04663258439539278,-0.05373808085339681,0.0038325594212647194,0.01181947348732259,0.006047096806054437,0.02644529683205527,0.0039380037298823055,0.004719287116326019,-0.0010474839247260877,-0.014763824873765468,0.00495996086678276,-0.009898373304166895,0.00040028013931196944,0.0017142693795408831,-0.012613556255492559,0.01834566785438637,-0.017307002927557876,0.007405577639516282,-0.00027209105425578435,0.002239769045106801,0.0011096759030148162,-0.013559444444004061,-0.024178784614977016,0.012932378683265798,-0.0006304946181953302,0.0016365470237917434,-0.03476900346011242,0.45
text_price,train,13,0,1,10,"1,2,3,4,5,6,7,8,9,10",10,517,455,12581,501,442,12203,20,20,378,0.5699988935385313,insufficient_coherence,,,,,,,0,0.12980048098288358,0.05133428837788159,3.520376350102529,7.059574835467246,8.97678916827853,57.18375241779497,3.3267673064094727,0.9961315280464217,0.30174081237911027,0.0,0.0,0.0,0.0038684719535783366,2.003868471953578,3.634429400386847,0.9690522243713733,0.4989103547712865,-0.09934462594053128,-0.014989711599815702,-0.010751699845125137,0.004168860337568629,0.20608431446284206,0.025713053920860998,0.05812865915918939,0.007483999040051632,0.11703429382623452,0.01838946970789565,0.061201360524345105,0.06585187286775819,0.045833834626869595,0.03815181650880092,-0.02774943875558442,-0.0005835502093651882,-0.0020296453709127927,0.06941025929830684,0.023926273125490588,-0.020686695787022487,-0.0009520228123438355,-0.006309778120390071,0.02347184743798698,0.027845989458754057,-0.03195648798088034,0.00013799510546146004,0.013099379447666726,0.03651224368134288,-0.007173202181133904,0.0032646093383907476,0.016702936878673524,0.055
text_price,train,13,1,11,20,"11,12,13,14,15,16,17,18,19,20",10,565,502,11595,534,481,11088,34,34,507,0.5699988935385313,insufficient_coherence,,,,,,,0,0.21451166528016075,0.06542308162766491,3.8027076837698868,7.327795517720069,8.976991150442478,57.24778761061947,3.319015959458437,0.9982300884955753,0.22123893805309736,0.0,0.0,0.0,0.0,2.017699115044248,3.7150442477876107,0.9734513274336283,0.4877891493019057,-0.10456182267631368,-0.008023605830782567,-0.02137650647286232,-0.0004380147757355697,0.20452460438425768,0.02953949730309527,0.05618885808602225,-0.0015557653191048725,0.13069336650471128,0.021864234323217942,0.04954800609790346,0.052977450470500904,0.04108089258814339,0.04330936791954467,-0.0315887207584973,0.0018807044482499105,0.0005958717766698647,0.0699101500867723,0.024605379221703742,-0.017239487386922932,-0.0012286749065789702,-0.0028759366944441137,0.017369982178490763,0.01807298403238694,-0.03065822159704042,-0.002221956066791443,0.012848536115974408,0.024078914532546226,-0.00827507094645177,7.809686178061449e-05,0.006721134102810506,0.155
text_price,train,13,2,21,30,"21,22,23,24,25,26,27,28,29,30",10,595,531,11031,548,494,10297,74,72,734,0.5699988935385313,insufficient_coherence,,,,,,,0,0.29415917151249826,0.07030427436880078,3.879807180963456,7.386103014234543,8.981512605042017,57.36302521008403,3.3291402714932126,0.9932773109243698,0.14285714285714285,0.0,0.0,0.0,0.0,2.008403361344538,3.7680672268907562,0.9630252100840336,0.4731069173375539,-0.11173391689016103,0.001170969676038724,-0.03489694261691608,-0.005502026975841288,0.20167579568539823,0.03069682220838509,0.0510495422590818,-0.006854582009913871,0.14111006589880734,0.020481462180172223,0.046979010445157794,0.05232164443942451,0.03648772620975111,0.04364910170836208,-0.031047703220762207,0.00322885958495605,0.00983683395987078,0.07360399401705406,0.0361983974918349,-0.016020908503427803,-0.0038722053341750137,0.0020007490375332244,0.011890290347805322,0.012665597413939559,-0.023314442710528245,-0.0023660272693278427,0.01071219562346045,0.019734700901834334,-0.007817097426507923,0.001810888982054412,0.004044545817875616,0.255
text_price,train,13,3,31,40,"31,32,33,34,35,36,37,38,39,40",10,559,501,13983,496,446,10988,170,168,2995,0.5699988935385313,insufficient_coherence,,,,,,,0,0.3720757014636414,0.07306235783132481,3.982172895349776,7.420048137787969,8.989266547406082,57.483005366726296,3.310384844731893,0.998211091234347,0.08765652951699464,0.0,0.0,0.0,0.0,2.0089445438282647,3.8318425760286225,0.9660107334525939,0.46289132969148145,-0.11660543449402998,0.008394421700050815,-0.04768323796932173,-0.010120317773331262,0.20579747296786222,0.033547261827250194,0.038965713048838134,-0.011084393581894105,0.1339947648321853,0.015484162725326303,0.04857292948199693,0.05801389576410327,0.019196168871893668,0.03874757252433526,-0.02941368099828807,0.009835511603077956,0.021458732687783366,0.07481129159486441,0.04505874821643109,-0.016673877522029566,-0.00855319655328875,-0.011058972320978825,0.015263111644477731,0.0123540050863961,-0.031003167739284236,-0.006398412448686948,0.010886086298902876,0.01579436522335978,-0.00844371300995588,0.0011615208797025832,0.0001689937638376458,0.355
text_price,train,13,4,41,49,"41,42,43,44,45,46,47,48,49",9,428,397,15263,397,372,9037,285,272,6226,0.5699988935385313,insufficient_coherence,,,,,,,0,0.41330983661373333,0.07676865293183008,4.071105077194978,7.505465822483867,9.00233644859813,57.66822429906542,3.306995367042096,0.9976635514018691,0.0911214953271028,0.0,0.0,0.0,0.0,2.014018691588785,3.8457943925233646,0.9742990654205608,0.46208424312858615,-0.11564246840860144,0.007992823178111322,-0.048591377970180864,-0.010444358005944072,0.2238434870920007,0.0400008659379333,0.040236409566444004,-0.008736499705367115,0.12105680602745753,0.015769701485048027,0.050219421049962215,0.06005278272387925,0.021519860471040642,0.03858308662082632,-0.031158759337216794,0.012915776266023832,0.024908998300119077,0.08046184320690267,0.0456056069610253,-0.016486636239285864,-0.008006350164287602,-0.02157801024259106,0.019549990998875527,0.014723480538317752,-0.04522545081202234,-0.009183591546423418,0.01651603145770301,0.013683176394587883,-0.008451007698843537,0.0034117849395879497,0.003905797872535409,0.45
text_price,train,14,0,1,10,"1,2,3,4,5,6,7,8,9,10",10,152,117,6401,114,86,3745,47,45,2656,0.9680339918452902,eligible,3.423169732084204,14.605843429270612,-11.18267369718641,-32.623839957450315,5.364192827004785,10.092684925402626,200,0.2906462670361436,0.060277058720953604,3.4869517881545384,8.570988082410013,9.506578947368421,56.0328947368421,4.794621971166088,0.993421052631579,0.006578947368421052,0.0,0.993421052631579,0.0,0.06578947368421052,5.098684210526316,0.19078947368421054,0.18421052631578946,0.14894569233340618,-0.06311487455967103,0.05036377901820564,0.039549623371037484,0.025414218248041957,-0.06830143415742614,0.3441240391398604,-0.29016549543878717,0.5745106001363558,0.10086742811433842,0.2871028719085129,0.2863420411266176,-0.25795207246536367,-0.06344866914864787,-0.06897069743362672,0.1031345450602675,-0.010911397128141464,-0.002272698192952381,0.01425841687650613,-0.015360850758931434,0.054665002960443035,-0.05295008829027465,-0.008094099656314356,0.033675761613525305,-0.07611185584482154,-0.021702284585863492,0.003155549242571198,-0.028051950878899883,-0.03096384747410547,-0.06654786345905928,-0.2535174762653762,0.1486707299955327,0.055
text_price,train,14,1,11,20,"11,12,13,14,15,16,17,18,19,20",10,124,112,5706,80,75,3439,54,51,2267,0.9680339918452902,eligible,13.869019738642724,16.404957860651674,-2.535938122008949,-37.34952103231016,31.868760292245028,19.2101644199509,200,0.4189424006538428,0.07547137897910511,3.9206455793904604,8.424758387140644,10.096774193548388,60.266129032258064,4.775264793408706,0.9838709677419355,0.0,0.0,0.9919354838709677,0.0,0.07258064516129033,5.016129032258065,0.4435483870967742,0.23387096774193547,0.13719091653626128,-0.048155798102711804,0.0533613053519627,0.041158326808319545,0.026113020412992672,-0.06094397197262507,0.34088658531716154,-0.29505296375601303,0.5837544406072261,0.09997862190710939,0.28021144305006956,0.3019054313112447,-0.26446100908968095,-0.060616080585472236,-0.0673668682294503,0.09184831679301993,-0.01143682901755936,-0.0007175991322794869,0.015799030623079767,-0.021655645733637416,0.057950734739226836,-0.06028800887594036,-0.0071511357609632484,0.032063519805554386,-0.07779463163617659,-0.016656304843920656,0.00452974054701619,-0.02164603756524719,-0.026077336466917383,-0.053584754025508115,-0.2303736762065068,0.12361262378125545,0.155
text_price,train,14,2,21,30,"21,22,23,24,25,26,27,28,29,30",10,137,128,7372,81,78,3613,70,68,3759,0.9680339918452902,eligible,-2.4904720369086344,22.112874518273898,-24.603346555182533,-46.11728541881784,13.54199361362372,14.914984046036999,200,0.4682239805284863,0.07204991695322131,4.133352854448863,8.619801899489893,10.766423357664234,64.82481751824818,4.795080773608133,1.0,0.0,0.0,1.0,0.0,0.043795620437956206,5.372262773722627,0.45255474452554745,0.32116788321167883,0.1165594292992034,-0.04053489222852919,0.04849548134936032,0.037261976011634834,0.02563789253781653,-0.057455129230847626,0.33887191147254475,-0.29771703750549455,0.5917574185202658,0.10218088845530961,0.29255291360477614,0.3118580763716481,-0.2709515537952758,-0.060969920781038515,-0.06902195431706663,0.09232605905098709,-0.017308670780801224,0.0012624429235386853,0.022025984558023532,-0.024226732800733435,0.0617493768775275,-0.06850631134408658,-0.01146414911632824,0.03427943327379707,-0.08635458976687752,-0.019787750986639003,-0.0009671780245702313,-0.025558185382843483,-0.02430219221286524,-0.05107254858352696,-0.23277122514443055,0.12454790441756342,0.255
text_price,train,14,3,31,40,"31,32,33,34,35,36,37,38,39,40",10,128,118,13035,78,75,6076,70,67,6959,0.9680339918452902,eligible,-12.272800202890803,-9.831708001762026,-2.4410922011287766,-30.393138508366953,23.71785610237215,13.822854632217613,200,0.4924906367324953,0.07526447780603115,4.323490187707954,8.868108312741425,10.765625,64.359375,4.774865057838403,0.984375,0.0,0.0,0.9921875,0.0,0.1015625,5.4453125,0.4609375,0.28125,0.12049796469134079,-0.04027631392928828,0.05277373830085423,0.03747018026362027,0.02743743602695102,-0.05830844549690248,0.3444853245119135,-0.29495073226070634,0.5879720372558341,0.10331168822485878,0.2933200210004021,0.30532308586972023,-0.263855965318378,-0.06060200661997178,-0.07328902964535902,0.09231663120208015,-0.01649252101029921,-3.699673993913435e-05,0.022331559149911733,-0.022632764184956834,0.06045850024223776,-0.06686542448824731,-0.011440385336015761,0.03693960366345074,-0.07855792010596716,-0.021204197386190872,-0.004939153096071391,-0.023816350156671457,-0.02555351036785915,-0.04971350877469205,-0.2306256758061751,0.1295066637858092,0.355
text_price,train,14,4,41,49,"41,42,43,44,45,46,47,48,49",9,102,95,7319,72,68,2840,64,60,4479,0.9680339918452902,eligible,-10.118413012461037,13.442723821796356,-23.561136834257397,-54.665502101729366,9.089806949826974,16.54483910764719,200,0.48062824951935135,0.09369924907484885,4.3497775458468935,8.898553869678059,10.794117647058824,64.12745098039215,4.722271888210469,1.0,0.0,0.0,0.9901960784313726,0.0,0.06862745098039216,5.578431372549019,0.43137254901960786,0.2647058823529412,0.12273716608950634,-0.039500758541261595,0.05515074656989187,0.038967387712399625,0.030081717686057514,-0.06330323281743655,0.34834398094649466,-0.29294958160757406,0.5853289423290392,0.10224238369516028,0.29121314080150873,0.3034450599967329,-0.2635193793452681,-0.06024062574562037,-0.07582355726714805,0.0908405102136101,-0.015137541899976634,-0.00037853166183320894,0.02120019934059578,-0.022261405114908088,0.057952437016623295,-0.06329470381047378,-0.01054193243413234,0.037930756956738636,-0.07576963985354383,-0.01997931519651057,-0.0068967065255900635,-0.02303684105932439,-0.026313695143712363,-0.04789056179114791,-0.22790820510539675,0.12954260789752228,0.45
text_price,train,15,0,1,10,"1,10",2,119,80,656,109,72,634,14,13,22,0.9603369811532076,insufficient_support,,,,,,,0,0.18581656630636723,0.07567165368840828,3.0068165067355497,7.734705352864537,6.294117647058823,43.11764705882353,3.821675056969175,1.0,0.01680672268907563,0.0,0.0,0.0,0.025210084033613446,2.0756302521008405,3.008403361344538,1.0,0.14208307747961174,0.28440103432852337,0.5723438608731015,-0.13972671786602361,0.6516720908203252,-0.0034072381177655104,0.016756039804246496,0.06194143543221776,-0.10885981564226965,-0.002102421003347573,0.014776634183763382,0.05416276709765178,-0.06203212875452696,-0.026842259182897135,0.03805563556255875,0.08021291881074101,-0.003425442930259214,-0.003767906934490734,-0.022240443095819292,0.020108021476886635,0.016480542753985732,0.0028832393785492914,0.0010009816091914863,0.06297726741716035,0.048278775007686424,-0.008744365236871629,-0.014931508176057675,0.0032524068600107473,-0.017824116244141725,0.008749084828765416,-0.008111158506019244,0.05789704211597304,0.055
text_price,train,15,1,11,20,"12,13,14",3,141,109,580,132,103,552,10,8,28,0.9603369811532076,insufficient_support,,,,,,,0,0.21785412190030057,0.07997801206692298,2.929512457606853,7.754022319021333,6.120567375886525,42.361702127659576,3.8150906225374306,1.0,0.0070921985815602835,0.0,0.0,0.0,0.0,2.0709219858156027,3.028368794326241,1.0283687943262412,0.13697139505083647,0.2938927173842465,0.5743009508151717,-0.13505513252938608,0.6786151533998315,0.001105766419293735,0.004231429171854453,0.0551528028249812,-0.10564738244962686,-0.010889090160857975,-0.012804753882957615,0.06702419696350052,-0.06523979729571225,-0.02295019194306286,0.05709007436408345,0.057076395656405765,-0.00760700798754044,0.001582494186644729,-0.010843258025711455,0.007004983643921591,0.0250119050057806,-0.020613134361887303,-0.0031512205241910323,0.013959284889292801,-0.002517336672867994,-0.012512997853641003,0.004147214239133876,0.00019003135821088008,0.001267728800803625,0.0015608202208362407,-0.024971598686363564,0.027396714532538634,0.13
text_price,train,15,2,21,30,"21,26,27,28,29,30",6,178,142,1317,169,134,1191,26,26,126,0.9603369811532076,eligible,-2.517315231229035,-4.351817935151268,1.8345027039222326,-30.516593572016934,20.749724539801107,12.767120016945423,200,0.2983918596121733,0.09629025881624492,3.006971141811919,7.781612022804313,6.067415730337078,41.91573033707865,3.838554080127114,0.9943820224719101,0.0,0.0,0.0,0.0,0.0056179775280898875,2.0280898876404496,2.949438202247191,0.9943820224719101,0.1358623340758422,0.28675902896466526,0.5737529056183622,-0.1266613704703395,0.6833592474708566,0.0034774913412608595,0.005316750875655255,0.05302327949476411,-0.09968197580830741,-0.012045608174385849,-0.018126704901380745,0.06755147890421388,-0.06291264073174338,-0.02054383928481342,0.06068148170206797,0.05112607198002138,-0.008780962089352919,0.0020253756554618712,-0.009823681565258787,0.0044906694298697675,0.024740165869312093,-0.019613485043976073,-0.0031394529507416773,0.0025914769067119465,-0.009863734032049593,-0.0104877304664672,0.0034031455861956834,0.00027289136473785335,-0.000855102354773239,-0.001788098132515717,-0.02226289439935742,0.024640300064236835,0.2683333333333333
text_price,train,15,3,31,40,"31,32,33,34,35,36,37,38,39,40",10,166,138,1667,152,129,1335,48,44,332,0.9603369811532076,eligible,-10.618901216977061,-5.143688520817735,-5.475212696159327,-35.94747559767018,15.788198916747506,14.484593261224607,199,0.34898647359710266,0.11321321308167956,3.0505988650435234,7.850917133077878,6.108433734939759,42.07831325301205,3.808628453206767,1.0,0.0,0.0,0.0,0.0,0.018072289156626505,2.0240963855421685,3.0,1.0060240963855422,0.13888426310476573,0.28802267228820444,0.5653249617216953,-0.11929644240697841,0.6845825607461979,0.005640432776575377,0.0032212250965835943,0.05390202200234467,-0.10010296641202056,-0.012441492620226714,-0.017052363918255018,0.06734072759971954,-0.06365464203592797,-0.021699440848447427,0.06041690136662528,0.052409741996350116,-0.008522375632108767,0.0013819620928096307,-0.008756389964700947,0.0052168108644551625,0.024863642059560428,-0.02209478661063719,-0.002483795573468855,0.009414678914105816,-0.004597472080419649,-0.007635651628740467,7.494533071395451e-05,0.00036799429383142237,-0.004839597875264146,-0.0008237008916311516,-0.021596352041297662,0.02775745499345487,0.355
text_price,train,15,4,41,49,"41,42,43,44,45,46,47,48,49",9,116,103,1033,101,97,699,62,55,334,0.9603369811532076,eligible,-1.8839783456559025,8.384374215841182,-10.268352561497085,-38.9214896289368,25.587677497946228,16.61681743767792,200,0.3742357387228543,0.12404273806395126,3.2071188370762433,8.04489091505064,6.155172413793103,42.35344827586207,3.8094740508533618,1.0,0.0,0.0,0.0,0.0,0.02586206896551724,2.0344827586206895,3.0,1.0086206896551724,0.14196474616504726,0.28875062240665456,0.5621593227924205,-0.11624460811776313,0.6790874156506552,0.004410902524463587,0.005215220296908942,0.052996462887462376,-0.0999620510105742,-0.011248258148247094,-0.013192917468424582,0.06480078576688161,-0.06272695226769512,-0.022642465669414236,0.05746014338569873,0.05554193351209841,-0.008106068810021853,0.0007885216263871639,-0.009116319254207712,0.007199079386445455,0.021860092330945942,-0.01866364827850235,-0.001627157228321058,0.014382311837391174,0.001942366586461802,-0.00845277580425874,-0.0018702719814274373,-0.0005924711591644851,-0.0050915751600483896,-0.000646670363969005,-0.020856501894458698,0.029307726488097853,0.45
